#1; 2023-11-18T07:26:19.009+06:00; eventGlobalStart=2023-11-18T07:26:19.008+06:00; Logger.getGlobalStart(); getGlobalStart()();
#6; 2023-11-18T07:26:20.482+06:00; dbWork.size=0; getDbFile(); Conn();
#7; 2023-11-18T07:26:20.483+06:00; dbSystemFact.size=2; getDbFile(); Conn();
#8; 2023-11-18T07:26:20.484+06:00; Files.exists(fileFrom)=true; cloneDbTemplate(); Conn();
#10; 2023-11-18T07:26:20.495+06:00; dbWorkAutoCreatePath=D:\_Мои док\_Мой рабстол\Новая папка (2)\WB\MyBase1.sqlite3; cloneDbTemplate(); Conn();
#15; 2023-11-18T07:26:20.517+06:00; res.size=0; templateMore=More LIKE '%AbcBasic%'; getBasic;
#74; 2023-11-18T07:26:20.671+06:00; createDir=D:\_Мои док\_Мой рабстол\Новая папка (2)\WB\media; WB.checkExistDir(); main();
#75; 2023-11-18T07:26:20.673+06:00; createDir=D:\_Мои док\_Мой рабстол\Новая папка (2)\WB\doc; WB.checkExistDir(); main();
#76; 2023-11-18T07:26:20.675+06:00; createDir=D:\_Мои док\_Мой рабстол\Новая папка (2)\WB\templateDoc; WB.checkExistDir(); main();
#77; 2023-11-18T07:26:20.675+06:00; eventGlobalEnd=2023-11-18T07:26:20.675+06:00; Calc.getOffsetDateTimeNow(); eventTrace();
#78; 2023-11-18T07:26:20.676+06:00; durationGlobal=1667 ms; Etc.getDuration(); eventTrace();
 
Log detail
 
#2; 2023-11-18T07:26:20.474+06:00; res=[Account, Asset, Deal, Debt, Face, Geo, Info, Item, Mark, Meter, Price, Process, Role, Sign, Slice, Unit, Workbook], currConn=jdbc:sqlite:D:\_Мои док\_Мой рабстол\Новая папка (2)\WB\DatabaseGlobal.sqlite3; getTableList(); DAL();
#3; 2023-11-18T07:26:20.474+06:00; add currFile in dbSystemFact=D:\_Мои док\_Мой рабстол\Новая папка (2)\WB\DatabaseGlobal.sqlite3; getDbFile(); Conn();
#4; 2023-11-18T07:26:20.478+06:00; res=[Account, Asset, Deal, Debt, Face, Geo, Info, Item, Mark, Meter, Price, Process, Role, Sign, Slice, Unit, Workbook], currConn=jdbc:sqlite:D:\_Мои док\_Мой рабстол\Новая папка (2)\WB\DatabaseTemplate.sqlite3; getTableList(); DAL();
#5; 2023-11-18T07:26:20.478+06:00; add currFile in dbSystemFact=D:\_Мои док\_Мой рабстол\Новая папка (2)\WB\DatabaseTemplate.sqlite3; getDbFile(); Conn();
#9; 2023-11-18T07:26:20.488+06:00; res=[Account, Asset, Deal, Debt, Face, Geo, Info, Item, Mark, Meter, Price, Process, Role, Sign, Slice, Unit, Workbook], currConn=jdbc:sqlite:D:\_Мои док\_Мой рабстол\Новая папка (2)\WB\DatabaseTemplate.sqlite3; getTableList(); DAL();
#11; 2023-11-18T07:26:20.496+06:00; dbWork.size=1; cloneDbTemplate(); Conn();
#12; 2023-11-18T07:26:20.498+06:00; res=[Account, Asset, Deal, Debt, Face, Geo, Info, Item, Mark, Meter, Price, Process, Role, Sign, Slice, Unit, Workbook], currConn=jdbc:sqlite:D:\_Мои док\_Мой рабстол\Новая папка (2)\WB\MyBase1.sqlite3; getTableList(); DAL();
#13; 2023-11-18T07:26:20.506+06:00; url good conn=jdbc:sqlite:D:\_Мои док\_Мой рабстол\Новая папка (2)\WB\MyBase1.sqlite3; getConn(); DAL();
#14; 2023-11-18T07:26:20.516+06:00; res=[], currConn=jdbc:sqlite:DatabaseLarge.sqlite3; getTableList(); DAL();
#16; 2023-11-18T07:26:20.537+06:00; res=id, str1=Id; getDtoFieldName(); DAL.test();
#17; 2023-11-18T07:26:20.537+06:00; res=parent, str1=Parent; getDtoFieldName(); DAL.test();
#18; 2023-11-18T07:26:20.537+06:00; res=deal, str1=Deal; getDtoFieldName(); DAL.test();
#19; 2023-11-18T07:26:20.537+06:00; res=debt, str1=Debt; getDtoFieldName(); DAL.test();
#20; 2023-11-18T07:26:20.537+06:00; res=meterValue, str1=MeterValue; getDtoFieldName(); DAL.test();
#21; 2023-11-18T07:26:20.538+06:00; res=Account, str1=Account; getTableName(); Qry.test();
#22; 2023-11-18T07:26:20.538+06:00; res=Asset, str1=AssetList  ; getTableName(); Qry.test();
#23; 2023-11-18T07:26:20.538+06:00; res=Deal, str1= Deal; getTableName(); Qry.test();
#24; 2023-11-18T07:26:20.538+06:00; res=Debt, str1=Debt; getTableName(); Qry.test();
#25; 2023-11-18T07:26:20.538+06:00; res=Price, str1=ListPriListceList; getTableName(); Qry.test();
#26; 2023-11-18T07:26:20.540+06:00; res=AccountList, str1=Account; getViewName(); Qry.test();
#27; 2023-11-18T07:26:20.540+06:00; res=AssetList, str1=AssetList  ; getViewName(); Qry.test();
#28; 2023-11-18T07:26:20.540+06:00; res=DealList, str1= Deal; getViewName(); Qry.test();
#29; 2023-11-18T07:26:20.540+06:00; res=DebtList, str1=Debt; getViewName(); Qry.test();
#30; 2023-11-18T07:26:20.540+06:00; res=PriceList, str1=ListPriListceList; getViewName(); Qry.test();
#31; 2023-11-18T07:26:20.541+06:00; res=Account, str1=ListAccount; delWord(); DAL.test();
#32; 2023-11-18T07:26:20.541+06:00; res=Asset, str1=AssetList  ; delWord(); DAL.test();
#33; 2023-11-18T07:26:20.541+06:00; res=Deal, str1= Deal; delWord(); DAL.test();
#34; 2023-11-18T07:26:20.541+06:00; res=Debt, str1=Debt; delWord(); DAL.test();
#35; 2023-11-18T07:26:20.541+06:00; res=Price, str1=ListPriListceList; delWord(); DAL.test();
#36; 2023-11-18T07:26:20.544+06:00; res=test1, fixObj=test1; fixString(); Etc.test();
#37; 2023-11-18T07:26:20.544+06:00; res=12.45, fixObj=12.45; fixString(); Etc.test();
#38; 2023-11-18T07:26:20.577+06:00; res=Asset{id='', code=, description=, more=}, fixObj=Asset{id='', code=, description=, more=}; fixString(); Etc.test();
#39; 2023-11-18T07:26:20.577+06:00; res=, fixObj=null; fixString(); Etc.test();
#40; 2023-11-18T07:26:20.589+06:00; res=true, str1=test1, str2=test1; strEqual(); Etc.test();
#41; 2023-11-18T07:26:20.589+06:00; res=true, str1=test1 , str2=test1; strEqual(); Etc.test();
#42; 2023-11-18T07:26:20.589+06:00; res=true, str1= tEst1, str2=test1; strEqual(); Etc.test();
#43; 2023-11-18T07:26:20.589+06:00; res=true, str1=TEST1, str2=test1; strEqual(); Etc.test();
#44; 2023-11-18T07:26:20.589+06:00; res=false, str1=test22, str2=test1; strEqual(); Etc.test();
#45; 2023-11-18T07:26:20.641+06:00; res=1.0, rateTax=100.0; ratio100(); Etc.test();
#46; 2023-11-18T07:26:20.641+06:00; res=0.6743, rateTax=67.43; ratio100(); Etc.test();
#47; 2023-11-18T07:26:20.641+06:00; res=0.0, rateTax=0.0; ratio100(); Etc.test();
#48; 2023-11-18T07:26:20.641+06:00; res=0.2356, rateTax=23.56452; ratio100(); Etc.test();
#49; 2023-11-18T07:26:20.641+06:00; res=0.12, rateTax=12.0; ratio100(); Etc.test();
#50; 2023-11-18T07:26:20.641+06:00; res=2.3465, rateTax=234.65432; ratio100(); Etc.test();
#51; 2023-11-18T07:26:20.654+06:00; res=100.0, sumLessRound=100.0, numberFractionalDigit=2; roundCustom(); Etc.test();
#52; 2023-11-18T07:26:20.654+06:00; res=57.44, sumLessRound=57.4363, numberFractionalDigit=2; roundCustom(); Etc.test();
#53; 2023-11-18T07:26:20.654+06:00; res=43.01, sumLessRound=43.0078, numberFractionalDigit=2; roundCustom(); Etc.test();
#54; 2023-11-18T07:26:20.654+06:00; res=21.21, sumLessRound=21.212, numberFractionalDigit=2; roundCustom(); Etc.test();
#55; 2023-11-18T07:26:20.655+06:00; res=34.78, sumLessRound=34.7845, numberFractionalDigit=2; roundCustom(); Etc.test();
#56; 2023-11-18T07:26:20.655+06:00; res=100.0, sumLessRound=100.0, numberFractionalDigit=0; roundCustom(); Etc.test();
#57; 2023-11-18T07:26:20.656+06:00; res=57.0, sumLessRound=57.4363, numberFractionalDigit=0; roundCustom(); Etc.test();
#58; 2023-11-18T07:26:20.656+06:00; res=43.0, sumLessRound=43.0078, numberFractionalDigit=0; roundCustom(); Etc.test();
#59; 2023-11-18T07:26:20.656+06:00; res=21.0, sumLessRound=21.212, numberFractionalDigit=0; roundCustom(); Etc.test();
#60; 2023-11-18T07:26:20.656+06:00; res=35.0, sumLessRound=34.7845, numberFractionalDigit=0; roundCustom(); Etc.test();
#61; 2023-11-18T07:26:20.657+06:00; res=2026-04-28, fixDate=2026-04-28; fixLocalDate(); Etc.test();
#62; 2023-11-18T07:26:20.657+06:00; res=2020-01-01, fixDate=1967-11-25; fixLocalDate(); Etc.test();
#63; 2023-11-18T07:26:20.658+06:00; res=2060-12-31, fixDate=2100-05-26; fixLocalDate(); Etc.test();
#64; 2023-11-18T07:26:20.659+06:00; res=test1, fixStr=test1; fixTrim(); Etc.test();
#65; 2023-11-18T07:26:20.659+06:00; res=test2, fixStr=test2 ; fixTrim(); Etc.test();
#66; 2023-11-18T07:26:20.659+06:00; res=test3, fixStr= test3; fixTrim(); Etc.test();
#67; 2023-11-18T07:26:20.659+06:00; res=test4, fixStr= test4 ; fixTrim(); Etc.test();
#68; 2023-11-18T07:26:20.659+06:00; res=1.25, fixNumb=1.25; setZeroOnNeg(); Etc.test();
#69; 2023-11-18T07:26:20.659+06:00; res=0.0, fixNumb=-41.2556; setZeroOnNeg(); Etc.test();
#70; 2023-11-18T07:26:20.659+06:00; res=0.0, fixNumb=0.0; setZeroOnNeg(); Etc.test();
#71; 2023-11-18T07:26:20.660+06:00; res=2.0E-4, fixNumb=2.0E-4; setZeroOnNeg(); Etc.test();
#72; 2023-11-18T07:26:20.660+06:00; res=0.0, fixNumb=-2.0E-4; setZeroOnNeg(); Etc.test();
#73; 2023-11-18T07:26:20.660+06:00; res=64.1278, fixNumb=64.1278; setZeroOnNeg(); Etc.test();

