#1; 2024-05-24T06:52:40.1207; WB.static ctor block init, abcGlobal={this.basic=149, this.sectoral=3, this.sectoralPawnshop=3, this.debt=46, this.publicHoliday=18, this.extraDayOff=6, this.notWorkDay=24, this.accountMatching=59, this.accountTableClosing=4, this.template=12, this.update=15, }; block2024\User; WB;
#2; 2024-05-24T06:52:40.1347; WB.static ctor block init, abcTemplate={this.basic=1203, this.sectoral=3, this.sectoralPawnshop=3, this.debt=106, this.update=9, this.table=2, this.catalog=60, this.codePay=3, }; block2024\User; WB;
#3; 2024-05-24T06:52:40.1377; WB.getGlobalStart, eventGlobalStart=2024-05-24T06:52:40.1367; block2024\User; WB;
#4; 2024-05-24T06:52:40.1437; Conn.getDbList, Conn.work=[]; block2024\User; Conn;
#8; 2024-05-24T06:52:40.1507; Conn.cloneDbTemplate, dbWorkAutoCreatePath=D:\_Мои док\_Мой рабстол\Новая папка (2)\MyWorkBase1.sqlite3; block2024\User; Conn();
#9; 2024-05-24T06:52:40.1507; Conn.cloneDbTemplate, dbWork=[D:\_Мои док\_Мой рабстол\Новая папка (2)\MyWorkBase1.sqlite3]; block2024\User; Conn();
#12; 2024-05-24T06:52:40.3007; Conn.setLocal, Files.notExists in=D:\_Мои док\_Мой рабстол\Новая папка (2)\local; block2024\User; Conn;
#13; 2024-05-24T06:52:40.3017; WB.init, createDir=D:\_Мои док\_Мой рабстол\Новая папка (2)\media; block2024\User; WB;
#14; 2024-05-24T06:52:40.3027; WB.init, createDir=D:\_Мои док\_Мой рабстол\Новая папка (2)\commonDoc; block2024\User; WB;
#15; 2024-05-24T06:52:40.3027; WB.init, createDir=D:\_Мои док\_Мой рабстол\Новая папка (2)\templateDoc; block2024\User; WB;
#16; 2024-05-24T06:52:40.3037; WB.init, createDir=D:\_Мои док\_Мой рабстол\Новая папка (2)\backup; block2024\User; WB;
#17; 2024-05-24T06:52:40.3037; WB.init, createDir=D:\_Мои док\_Мой рабстол\Новая папка (2)\local; block2024\User; WB;
#18; 2024-05-24T06:52:40.3047; WB.init, createDir=D:\_Мои док\_Мой рабстол\Новая папка (2)\inputOutput; block2024\User; WB;
#19; 2024-05-24T06:52:40.5147; GUI.getFrameBasic, frame.getName=frame0; block2024\User; GUI;
#21; 2024-05-24T06:52:50.2653; WB.getEventEnd, eventGlobalEnd=2024-05-24T06:52:50.2643; block2024\User; WB;
#22; 2024-05-24T06:52:50.2693; WB.getEventEnd, durationGlobal=10127 ms; block2024\User; WB;
Log detail
#5; 2024-05-24T06:52:40.1447; Conn.getDbList, Conn.systemFact=[DatabaseGlobal.sqlite3, DatabaseTemplate.sqlite3]; block2024\User; Conn;
#6; 2024-05-24T06:52:40.1447; Conn.getDbList, Conn.testDb=[]; block2024\User; Conn;
#7; 2024-05-24T06:52:40.1447; Conn.getDbList, Conn.exampleDb=[]; block2024\User; Conn;
#10; 2024-05-24T06:52:40.1507; Conn.setLast, WB.lastConn=D:\_Мои док\_Мой рабстол\Новая папка (2)\MyWorkBase1.sqlite3; block2024\User; Conn;
#11; 2024-05-24T06:52:40.2997; Conn.setLast, WB.abcLast={this.basic=1203, this.sectoral=3, this.sectoralPawnshop=3, this.debt=106, this.update=9, this.table=2, this.catalog=60, this.codePay=3, }, WB.lastConn=jdbc:sqlite:D:\_Мои док\_Мой рабстол\Новая папка (2)\MyWorkBase1.sqlite3; block2024\User; Conn;
#20; 2024-05-24T06:52:50.2643; Command.exit; block2024\User; Command;

