#1; 2024-11-10T09:55:28.5836; WB.static ctor block init, WB.abcGlobal={basic=149, template=12, update=15, sectoral=3, sectoralPawnshop=3, debt=46, publicHoliday=18, extraDayOff=6, unit=1, accountMatching=59, accountTableClosing=4, }; block2024\User; WB;
#2; 2024-11-10T09:55:28.5996; WB.static ctor block init, WB.abcTemplate={basic=1039, root=16, table=2, catalog=60, codePay=3, template=14, update=6, sectoral=32, sectoralPawnshop=32, listVal=3, rule=6, expectedValue=88, infoBaseId=1, debt=100, unit=61, meter=32, }; block2024\User; WB;
#3; 2024-11-10T09:55:28.6026; WB.getGlobalStart, eventGlobalStart=2024-11-10T09:55:28.6026; block2024\User; WB;
#6; 2024-11-10T09:55:28.6166; Conn.cloneDbTemplate, dbWork=[C:\WB\MyWorkBase1.sqlite3]; block2024\User; Conn();
#7; 2024-11-10T09:55:28.7277; WB.getLocalEnd, durationLocal=105 ms, Conn.getLast, WB.abcLast={basic=1038, root=16, table=2, catalog=60, codePay=3, template=14, update=6, sectoral=32, sectoralPawnshop=32, listVal=3, rule=6, expectedValue=88, infoBaseId=1, debt=100, unit=61, meter=32, }; block2024\User; WB;
#8; 2024-11-10T09:55:28.7277; Conn.readDatabaseLocal, Files.notExists in=C:\WB\local; block2024\User; Conn;
#9; 2024-11-10T09:55:28.7287; WB.init, createDir=C:\WB\media; block2024\User; WB;
#10; 2024-11-10T09:55:28.7297; WB.init, createDir=C:\WB\commonDoc; block2024\User; WB;
#11; 2024-11-10T09:55:28.7307; WB.init, createDir=C:\WB\templateDoc; block2024\User; WB;
#12; 2024-11-10T09:55:28.7317; WB.init, createDir=C:\WB\backup; block2024\User; WB;
#13; 2024-11-10T09:55:28.7327; WB.init, createDir=C:\WB\local; block2024\User; WB;
#14; 2024-11-10T09:55:28.7327; WB.init, createDir=C:\WB\inputOutput; block2024\User; WB;
#19; 2024-11-10T09:55:28.7337; WB.init, end; block2024\User; WB;
#21; 2024-11-10T09:55:28.8577; GUI.getFrameBasic, frame.getName=frame0; block2024\User; GUI;
#22; 2024-11-10T09:55:28.8577; WB.getLocalEnd, durationLocal=255 ms, WB.main, end ; block2024\User; WB;
#24; 2024-11-10T09:55:31.9338; WB.getEventEnd, eventGlobalEnd=2024-11-10T09:55:31.9338; block2024\User; WB;
#25; 2024-11-10T09:55:31.9368; WB.getEventEnd, durationGlobal=3331 ms; block2024\User; WB;
Log detail
#4; 2024-11-10T09:55:28.6096; Conn.getDbList, Conn.work=[]; block2024\User; Conn;
#5; 2024-11-10T09:55:28.6096; Conn.getDbList, Conn.systemFact=[C:\WB\DatabaseGlobal.sqlite3, C:\WB\DatabaseTemplate.sqlite3]; block2024\User; Conn;
#15; 2024-11-10T09:55:28.7327; WB.init, java.version=21.0.1; block2024\User; WB;
#16; 2024-11-10T09:55:28.7327; WB.init, java.home=C:\openjdk\jdk-21.0.1; block2024\User; WB;
#17; 2024-11-10T09:55:28.7337; WB.init, java.class.path=C:\WB\wb.jar; block2024\User; WB;
#18; 2024-11-10T09:55:28.7337; WB.init, os.name=Windows 7; block2024\User; WB;
#20; 2024-11-10T09:55:28.7337; WB.init, end; block2024\User; WB;
#23; 2024-11-10T09:55:31.9308; Command.exit; block2024\User; Command;

