{
	"folders": {},
	"connections": {
		"sqlite_jdbc-192c79bd426-26f49e4cc2a6d18a": {
			"provider": "sqlite",
			"driver": "sqlite_jdbc",
			"name": "MyWorkBase1.sqlite3",
			"save-password": true,
			"configuration": {
				"database": "E:\\WorkbookBasic\\WB\\MyWorkBase1.sqlite3",
				"url": "jdbc:sqlite:E:\\WorkbookBasic\\WB\\MyWorkBase1.sqlite3",
				"configurationType": "MANUAL",
				"type": "dev",
				"closeIdleConnection": true,
				"auth-model": "native"
			}
		}
	},
	"connection-types": {
		"dev": {
			"name": "Разработка",
			"color": "255,255,255",
			"description": "База данных для разработки",
			"auto-commit": true,
			"confirm-execute": false,
			"confirm-data-change": false,
			"smart-commit": false,
			"smart-commit-recover": true,
			"auto-close-transactions": true,
			"close-transactions-period": 1800,
			"auto-close-connections": true,
			"close-connections-period": 14400
		}
	}
}