#1; 2023-11-17T08:47:25.520+06:00; eventGlobalStart=2023-11-17T08:47:25.518+06:00; Logger.getGlobalStart(); getGlobalStart()();
#5; 2023-11-17T08:47:26.023+06:00; dbWork.size=0; getDbFile(); Conn();
#6; 2023-11-17T08:47:26.024+06:00; dbSystemFact.size=1; getDbFile(); Conn();
#7; 2023-11-17T08:47:26.027+06:00; Files.exists(fileFrom)=true; cloneDbTemplate(); Conn();
#9; 2023-11-17T08:47:26.029+06:00; dbWorkAutoCreatePath=D:\WorkbookBasic\WB2\MyBase1.sqlite3; cloneDbTemplate(); Conn();
#13; 2023-11-17T08:47:26.035+06:00; res.size=0; templateMore=More LIKE '%AbcBasic%'; getBasic;
#75; 2023-11-17T08:47:26.106+06:00; eventGlobalEnd=2023-11-17T08:47:26.104+06:00; Calc.getOffsetDateTimeNow(); eventTrace();
#76; 2023-11-17T08:47:26.108+06:00; durationGlobal=586 ms; Etc.getDuration(); eventTrace();
 
Log detail
 
#2; 2023-11-17T08:47:26.012+06:00; res=[Account, Asset, Deal, Debt, Face, Geo, Info, Item, Mark, Meter, Price, Process, Role, Sign, Slice, Unit, Workbook], currConn=jdbc:sqlite:D:\WorkbookBasic\WB2\DatabaseGlobal.sqlite3; getTableList(); DAL();
#3; 2023-11-17T08:47:26.012+06:00; add currFile in dbSystemFact=D:\WorkbookBasic\WB2\DatabaseGlobal.sqlite3; getDbFile(); Conn();
#4; 2023-11-17T08:47:26.018+06:00; res=[], currConn=jdbc:sqlite:D:\WorkbookBasic\WB2\DatabaseTemplate.sqlite3; getTableList(); DAL();
#8; 2023-11-17T08:47:26.029+06:00; res=[], currConn=jdbc:sqlite:D:\WorkbookBasic\WB2\DatabaseTemplate.sqlite3; getTableList(); DAL();
#10; 2023-11-17T08:47:26.030+06:00; dbWork.size=1; cloneDbTemplate(); Conn();
#11; 2023-11-17T08:47:26.032+06:00; res=[], currConn=jdbc:sqlite:D:\WorkbookBasic\WB2\MyBase1.sqlite3; getTableList(); DAL();
#12; 2023-11-17T08:47:26.035+06:00; res=[], currConn=jdbc:sqlite:DatabaseLarge.sqlite3; getTableList(); DAL();
#14; 2023-11-17T08:47:26.040+06:00; res=id, str1=Id; getDtoFieldName(); DAL.test();
#15; 2023-11-17T08:47:26.040+06:00; res=parent, str1=Parent; getDtoFieldName(); DAL.test();
#16; 2023-11-17T08:47:26.040+06:00; res=deal, str1=Deal; getDtoFieldName(); DAL.test();
#17; 2023-11-17T08:47:26.041+06:00; res=debt, str1=Debt; getDtoFieldName(); DAL.test();
#18; 2023-11-17T08:47:26.041+06:00; res=meterValue, str1=MeterValue; getDtoFieldName(); DAL.test();
#19; 2023-11-17T08:47:26.041+06:00; res=Account, str1=Account; getTableName(); Qry.test();
#20; 2023-11-17T08:47:26.041+06:00; res=Asset, str1=AssetList  ; getTableName(); Qry.test();
#21; 2023-11-17T08:47:26.041+06:00; res=Deal, str1= Deal; getTableName(); Qry.test();
#22; 2023-11-17T08:47:26.041+06:00; res=Debt, str1=Debt; getTableName(); Qry.test();
#23; 2023-11-17T08:47:26.041+06:00; res=Price, str1=ListPriListceList; getTableName(); Qry.test();
#24; 2023-11-17T08:47:26.041+06:00; res=AccountList, str1=Account; getViewName(); Qry.test();
#25; 2023-11-17T08:47:26.042+06:00; res=AssetList, str1=AssetList  ; getViewName(); Qry.test();
#26; 2023-11-17T08:47:26.042+06:00; res=DealList, str1= Deal; getViewName(); Qry.test();
#27; 2023-11-17T08:47:26.042+06:00; res=DebtList, str1=Debt; getViewName(); Qry.test();
#28; 2023-11-17T08:47:26.042+06:00; res=PriceList, str1=ListPriListceList; getViewName(); Qry.test();
#29; 2023-11-17T08:47:26.042+06:00; res=Account, str1=ListAccount; delWord(); DAL.test();
#30; 2023-11-17T08:47:26.042+06:00; res=Asset, str1=AssetList  ; delWord(); DAL.test();
#31; 2023-11-17T08:47:26.042+06:00; res=Deal, str1= Deal; delWord(); DAL.test();
#32; 2023-11-17T08:47:26.042+06:00; res=Debt, str1=Debt; delWord(); DAL.test();
#33; 2023-11-17T08:47:26.042+06:00; res=Price, str1=ListPriListceList; delWord(); DAL.test();
#34; 2023-11-17T08:47:26.043+06:00; res=test1, fixObj=test1; fixString(); Etc.test();
#35; 2023-11-17T08:47:26.044+06:00; res=12.45, fixObj=12.45; fixString(); Etc.test();
#36; 2023-11-17T08:47:26.062+06:00; res=Asset{id='', code=, description=, more=}, fixObj=Asset{id='', code=, description=, more=}; fixString(); Etc.test();
#37; 2023-11-17T08:47:26.063+06:00; res=, fixObj=null; fixString(); Etc.test();
#38; 2023-11-17T08:47:26.076+06:00; res=true, str1=test1, str2=test1; strEqual(); Etc.test();
#39; 2023-11-17T08:47:26.077+06:00; res=true, str1=test1 , str2=test1; strEqual(); Etc.test();
#40; 2023-11-17T08:47:26.077+06:00; res=true, str1= tEst1, str2=test1; strEqual(); Etc.test();
#41; 2023-11-17T08:47:26.077+06:00; res=true, str1=TEST1, str2=test1; strEqual(); Etc.test();
#42; 2023-11-17T08:47:26.077+06:00; res=false, str1=test22, str2=test1; strEqual(); Etc.test();
#43; 2023-11-17T08:47:26.082+06:00; res=1.0, rateTax=100.0; ratio100(); Etc.test();
#44; 2023-11-17T08:47:26.082+06:00; res=0.6743, rateTax=67.43; ratio100(); Etc.test();
#45; 2023-11-17T08:47:26.082+06:00; res=0.0, rateTax=0.0; ratio100(); Etc.test();
#46; 2023-11-17T08:47:26.082+06:00; res=0.2356, rateTax=23.56452; ratio100(); Etc.test();
#47; 2023-11-17T08:47:26.082+06:00; res=0.12, rateTax=12.0; ratio100(); Etc.test();
#48; 2023-11-17T08:47:26.082+06:00; res=2.3465, rateTax=234.65432; ratio100(); Etc.test();
#49; 2023-11-17T08:47:26.092+06:00; res=100.0, sumLessRound=100.0, numberFractionalDigit=2; roundCustom(); Etc.test();
#50; 2023-11-17T08:47:26.092+06:00; res=57.44, sumLessRound=57.4363, numberFractionalDigit=2; roundCustom(); Etc.test();
#51; 2023-11-17T08:47:26.093+06:00; res=43.01, sumLessRound=43.0078, numberFractionalDigit=2; roundCustom(); Etc.test();
#52; 2023-11-17T08:47:26.095+06:00; res=21.21, sumLessRound=21.212, numberFractionalDigit=2; roundCustom(); Etc.test();
#53; 2023-11-17T08:47:26.095+06:00; res=34.78, sumLessRound=34.7845, numberFractionalDigit=2; roundCustom(); Etc.test();
#54; 2023-11-17T08:47:26.096+06:00; res=100.0, sumLessRound=100.0, numberFractionalDigit=0; roundCustom(); Etc.test();
#55; 2023-11-17T08:47:26.096+06:00; res=57.0, sumLessRound=57.4363, numberFractionalDigit=0; roundCustom(); Etc.test();
#56; 2023-11-17T08:47:26.096+06:00; res=43.0, sumLessRound=43.0078, numberFractionalDigit=0; roundCustom(); Etc.test();
#57; 2023-11-17T08:47:26.096+06:00; res=21.0, sumLessRound=21.212, numberFractionalDigit=0; roundCustom(); Etc.test();
#58; 2023-11-17T08:47:26.096+06:00; res=35.0, sumLessRound=34.7845, numberFractionalDigit=0; roundCustom(); Etc.test();
#59; 2023-11-17T08:47:26.097+06:00; res=2026-04-28, fixDate=2026-04-28; fixLocalDate(); Etc.test();
#60; 2023-11-17T08:47:26.097+06:00; res=2020-01-01, fixDate=1967-11-25; fixLocalDate(); Etc.test();
#61; 2023-11-17T08:47:26.097+06:00; res=2060-12-31, fixDate=2100-05-26; fixLocalDate(); Etc.test();
#62; 2023-11-17T08:47:26.097+06:00; res=test1, fixStr=test1; fixTrim(); Etc.test();
#63; 2023-11-17T08:47:26.097+06:00; res=test2, fixStr=test2 ; fixTrim(); Etc.test();
#64; 2023-11-17T08:47:26.097+06:00; res=test3, fixStr= test3; fixTrim(); Etc.test();
#65; 2023-11-17T08:47:26.097+06:00; res=test4, fixStr= test4 ; fixTrim(); Etc.test();
#66; 2023-11-17T08:47:26.100+06:00; res=1.25, fixNumb=1.25; setZeroOnNeg(); Etc.test();
#67; 2023-11-17T08:47:26.100+06:00; res=0.0, fixNumb=-41.2556; setZeroOnNeg(); Etc.test();
#68; 2023-11-17T08:47:26.101+06:00; res=0.0, fixNumb=0.0; setZeroOnNeg(); Etc.test();
#69; 2023-11-17T08:47:26.101+06:00; res=2.0E-4, fixNumb=2.0E-4; setZeroOnNeg(); Etc.test();
#70; 2023-11-17T08:47:26.101+06:00; res=0.0, fixNumb=-2.0E-4; setZeroOnNeg(); Etc.test();
#71; 2023-11-17T08:47:26.101+06:00; res=64.1278, fixNumb=64.1278; setZeroOnNeg(); Etc.test();
#72; 2023-11-17T08:47:26.103+06:00; existDir=D:\WorkbookBasic\WB2\media; WB.checkExistDir(); main();
#73; 2023-11-17T08:47:26.103+06:00; existDir=D:\WorkbookBasic\WB2\doc; WB.checkExistDir(); main();
#74; 2023-11-17T08:47:26.104+06:00; existDir=D:\WorkbookBasic\WB2\templateDoc; WB.checkExistDir(); main();

