#1; 2023-11-26T11:23:31.470+06:00; Abc.ctor, DbConn=D:\WorkbookBasic\WB2\DatabaseGlobal.sqlite3; qry=More LIKE '%AbcBasic%'; Abc;
#2; 2023-11-26T11:23:31.495+06:00; WB.static init, abcGlobal={basic.size=160}; ; WB;
#3; 2023-11-26T11:23:31.496+06:00; Logger.getGlobalStart, eventGlobalStart=2023-11-26T11:23:31.496+06:00; ; Logger;
#4; 2023-11-26T11:23:31.520+06:00; Conn.getDbList, Conn.work=[MyBase1.sqlite3, test2.sqlite3]; ; Conn;
#5; 2023-11-26T11:23:31.521+06:00; Conn.getDbList, Conn.systemFact=[DatabaseGlobal.sqlite3, DatabaseTemplate.sqlite3]; ; Conn;
#6; 2023-11-26T11:23:31.521+06:00; Conn.setLast, WB.lastConn=MyBase1.sqlite3; ; Conn;
#7; 2023-11-26T11:23:31.616+06:00; Abc.ctor, DbConn=MyBase1.sqlite3; qry=More LIKE '%AbcBasic%'; Abc;
#8; 2023-11-26T11:23:31.617+06:00; Conn.setLast, WB.abcLastConn={basic.size=964}; ; Conn;
#70; 2023-11-26T11:23:31.698+06:00; Logger.getEventEnd, eventGlobalEnd=2023-11-26T11:23:31.698+06:00; ; Logger;
#71; 2023-11-26T11:23:31.701+06:00; Logger.getEventEnd, durationGlobal=202 ms; ; Logger;
 
Log detail
 
#9; 2023-11-26T11:23:31.645+06:00; Etc.getOffsetDateTime, res=2023-11-24T06:46:16.907+06:00, testArg1=2023-11-24T06:46:16.907+06:00; test; Etc;
#10; 2023-11-26T11:23:31.646+06:00; Etc.getOffsetDateTime, res=null, testArg1=2023-11-08 02:15:09; test; Etc;
#11; 2023-11-26T11:23:31.646+06:00; Etc.getOffsetDateTime, res=null, testArg1=06:46:16.907+06:00; test; Etc;
#12; 2023-11-26T11:23:31.646+06:00; Etc.getOffsetDateTime, res=null, testArg1=2019-01-01; test; Etc;
#13; 2023-11-26T11:23:31.646+06:00; Etc.getOffsetDateTime, res=null, testArg1=test1; test; Etc;
#14; 2023-11-26T11:23:31.646+06:00; Etc.getOffsetDateTime, res=null, testArg1=12.45; test; Etc;
#15; 2023-11-26T11:23:31.646+06:00; Etc.getOffsetDateTime, res=null, testArg1=null; test; Etc;
#16; 2023-11-26T11:23:31.648+06:00; Etc.getLocalDate, res=2023-11-26, testArg1=2023-11-24T06:46:16.907+06:00; test; Etc;
#17; 2023-11-26T11:23:31.649+06:00; Etc.getLocalDate, res=2023-11-26, testArg1=2023-11-08 02:15:09; test; Etc;
#18; 2023-11-26T11:23:31.649+06:00; Etc.getLocalDate, res=2023-11-26, testArg1=06:46:16.907+06:00; test; Etc;
#19; 2023-11-26T11:23:31.649+06:00; Etc.getLocalDate, res=2020-01-01, testArg1=2019-01-01; test; Etc;
#20; 2023-11-26T11:23:31.649+06:00; Etc.getLocalDate, res=2020-01-01, testArg1=1991-01-01; test; Etc;
#21; 2023-11-26T11:23:31.649+06:00; Etc.getLocalDate, res=2023-11-26, testArg1=test1; test; Etc;
#22; 2023-11-26T11:23:31.650+06:00; Etc.getLocalDate, res=2023-11-26, testArg1=12.45; test; Etc;
#23; 2023-11-26T11:23:31.650+06:00; Etc.getLocalDate, res=2023-11-26, testArg1=null; test; Etc;
#24; 2023-11-26T11:23:31.651+06:00; Etc.getLocalTime, res=null, testArg1=2023-11-24T06:46:16.907+06:00; test; Etc;
#25; 2023-11-26T11:23:31.651+06:00; Etc.getLocalTime, res=null, testArg1=2023-11-08 02:15:09; test; Etc;
#26; 2023-11-26T11:23:31.651+06:00; Etc.getLocalTime, res=null, testArg1=06:46:16.907+06:00; test; Etc;
#27; 2023-11-26T11:23:31.651+06:00; Etc.getLocalTime, res=06:46:16.907, testArg1=06:46:16.907; test; Etc;
#28; 2023-11-26T11:23:31.652+06:00; Etc.getLocalTime, res=null, testArg1=2019-01-01; test; Etc;
#29; 2023-11-26T11:23:31.652+06:00; Etc.getLocalTime, res=null, testArg1=test1; test; Etc;
#30; 2023-11-26T11:23:31.652+06:00; Etc.getLocalTime, res=null, testArg1=12.45; test; Etc;
#31; 2023-11-26T11:23:31.652+06:00; Etc.getLocalTime, res=null, testArg1=null; test; Etc;
#32; 2023-11-26T11:23:31.655+06:00; Etc.fixString, res=test1, testArg1=test1; test; Etc;
#33; 2023-11-26T11:23:31.658+06:00; Etc.fixString, res=12.45, testArg1=12.45; test; Etc;
#34; 2023-11-26T11:23:31.672+06:00; Etc.fixString, res=Asset{id='', code=, description=, more=}, testArg1=Asset{id='', code=, description=, more=}; test; Etc;
#35; 2023-11-26T11:23:31.673+06:00; Etc.fixString, res=, testArg1=null; test; Etc;
#36; 2023-11-26T11:23:31.682+06:00; Etc.strEqual, res=true, testArg1=test1, str2=test1; test; Etc;
#37; 2023-11-26T11:23:31.683+06:00; Etc.strEqual, res=true, testArg1=test1 , str2=test1; test; Etc;
#38; 2023-11-26T11:23:31.683+06:00; Etc.strEqual, res=true, testArg1= tEst1, str2=test1; test; Etc;
#39; 2023-11-26T11:23:31.683+06:00; Etc.strEqual, res=true, testArg1=TEST1, str2=test1; test; Etc;
#40; 2023-11-26T11:23:31.683+06:00; Etc.strEqual, res=false, testArg1=test22, str2=test1; test; Etc;
#41; 2023-11-26T11:23:31.687+06:00; Etc.ratio100, res=1.0, testArg1=100.0; test; Etc;
#42; 2023-11-26T11:23:31.687+06:00; Etc.ratio100, res=0.6743, testArg1=67.43; test; Etc;
#43; 2023-11-26T11:23:31.687+06:00; Etc.ratio100, res=0.0, testArg1=0.0; test; Etc;
#44; 2023-11-26T11:23:31.687+06:00; Etc.ratio100, res=0.2356, testArg1=23.56452; test; Etc;
#45; 2023-11-26T11:23:31.688+06:00; Etc.ratio100, res=0.12, testArg1=12.0; test; Etc;
#46; 2023-11-26T11:23:31.688+06:00; Etc.ratio100, res=2.3465, testArg1=234.65432; test; Etc;
#47; 2023-11-26T11:23:31.695+06:00; Etc.roundCustom, res=100.0, testArg1=100.0, numberFractionalDigit=2; test; Etc;
#48; 2023-11-26T11:23:31.695+06:00; Etc.roundCustom, res=57.44, testArg1=57.4363, numberFractionalDigit=2; test; Etc;
#49; 2023-11-26T11:23:31.695+06:00; Etc.roundCustom, res=43.01, testArg1=43.0078, numberFractionalDigit=2; test; Etc;
#50; 2023-11-26T11:23:31.695+06:00; Etc.roundCustom, res=21.21, testArg1=21.212, numberFractionalDigit=2; test; Etc;
#51; 2023-11-26T11:23:31.695+06:00; Etc.roundCustom, res=34.78, testArg1=34.7845, numberFractionalDigit=2; test; Etc;
#52; 2023-11-26T11:23:31.695+06:00; Etc.roundCustom, res=100.0, testArg1=100.0, numberFractionalDigit=0; test; Etc;
#53; 2023-11-26T11:23:31.695+06:00; Etc.roundCustom, res=57.0, testArg1=57.4363, numberFractionalDigit=0; test; Etc;
#54; 2023-11-26T11:23:31.695+06:00; Etc.roundCustom, res=43.0, testArg1=43.0078, numberFractionalDigit=0; test; Etc;
#55; 2023-11-26T11:23:31.695+06:00; Etc.roundCustom, res=21.0, testArg1=21.212, numberFractionalDigit=0; test; Etc;
#56; 2023-11-26T11:23:31.695+06:00; Etc.roundCustom, res=35.0, testArg1=34.7845, numberFractionalDigit=0; test; Etc;
#57; 2023-11-26T11:23:31.696+06:00; Etc.fixLocalDate, res=2026-04-28, testArg1=2026-04-28; test; Etc;
#58; 2023-11-26T11:23:31.696+06:00; Etc.fixLocalDate, res=2020-01-01, testArg1=1967-11-25; test; Etc;
#59; 2023-11-26T11:23:31.696+06:00; Etc.fixLocalDate, res=2060-12-31, testArg1=2100-05-26; test; Etc;
#60; 2023-11-26T11:23:31.696+06:00; Etc.fixTrim, res=test1, testArg1=test1; test; Etc;
#61; 2023-11-26T11:23:31.696+06:00; Etc.fixTrim, res=test2, testArg1=test2 ; test; Etc;
#62; 2023-11-26T11:23:31.696+06:00; Etc.fixTrim, res=test3, testArg1= test3; test; Etc;
#63; 2023-11-26T11:23:31.696+06:00; Etc.fixTrim, res=test4, testArg1= test4 ; test; Etc;
#64; 2023-11-26T11:23:31.697+06:00; Etc.setZeroOnNeg, res=1.25, testArg1=1.25; test; Etc;
#65; 2023-11-26T11:23:31.697+06:00; Etc.setZeroOnNeg, res=0.0, testArg1=-41.2556; test; Etc;
#66; 2023-11-26T11:23:31.697+06:00; Etc.setZeroOnNeg, res=0.0, testArg1=0.0; test; Etc;
#67; 2023-11-26T11:23:31.697+06:00; Etc.setZeroOnNeg, res=2.0E-4, testArg1=2.0E-4; test; Etc;
#68; 2023-11-26T11:23:31.697+06:00; Etc.setZeroOnNeg, res=0.0, testArg1=-2.0E-4; test; Etc;
#69; 2023-11-26T11:23:31.697+06:00; Etc.setZeroOnNeg, res=64.1278, testArg1=64.1278; test; Etc;

