#1; 2024-02-19T16:59:47.288568900+06:00; WB.static ctor block init, abcGlobal={this.basic=146, this.debt=45, this.publicHoliday=18, this.extraDayOff=6, this.notWorkDay=24, this.accountMatching=59, this.accountTableClosing=4, this.template=12, this.update=15, }; block2024\User; WB;
#2; 2024-02-19T16:59:47.302569700+06:00; WB.static ctor block init, abcTemplate={this.basic=965, this.debt=99, this.update=7, this.table=2, this.catalog=60, this.codePay=3, }; block2024\User; WB;
#3; 2024-02-19T16:59:47.302569700+06:00; WB.getGlobalStart, eventGlobalStart=2024-02-19T16:59:47.302569700+06:00; block2024\User; WB;
#4; 2024-02-19T16:59:47.314570400+06:00; Conn.getDbList, Conn.work=[MyWorkBase1.sqlite3, MyWorkBase2.sqlite3]; block2024\User; Conn;
#11; 2024-02-19T16:59:47.440577600+06:00; Conn.getLocal, finally localPath=D:\WorkbookBasic\WB\local\DatabaseLocal_2024_01_10T09_51_53.338_.sqlite3, finally WB.abcLocal={this.local=10, this.sourceExtFile=4, this.workOutside=3, this.collector=1, this.registerOrg=2, }; block2024\User; Conn;
#12; 2024-02-19T16:59:47.441577600+06:00; WB.restoreLastState, lastState=[]; block2024\User; WB;
#13; 2024-02-19T16:59:47.441577600+06:00; WB.restoreLastState, restoreState=[]; block2024\User; WB;
#74; 2024-02-19T16:59:47.817599200+06:00; GUI.getFrameBasic, frame.getName=frame0; block2024\User; GUI;
#76; 2024-02-19T16:59:50.842772200+06:00; WB.saveLastState, lastState=[]; block2024\User; WB;
#77; 2024-02-19T16:59:50.843772200+06:00; WB.getEventEnd, eventGlobalEnd=2024-02-19T16:59:50.843772200+06:00; block2024\User; WB;
#78; 2024-02-19T16:59:50.843772200+06:00; WB.getEventEnd, durationGlobal=3541 ms; block2024\User; WB;
Log detail
#5; 2024-02-19T16:59:47.314570400+06:00; Conn.getDbList, Conn.systemFact=[DatabaseGlobal.sqlite3, DatabaseTemplate.sqlite3]; block2024\User; Conn;
#6; 2024-02-19T16:59:47.314570400+06:00; Conn.getDbList, Conn.testDb=null; block2024\User; Conn;
#7; 2024-02-19T16:59:47.314570400+06:00; Conn.getDbList, Conn.exampleDb=null; block2024\User; Conn;
#8; 2024-02-19T16:59:47.314570400+06:00; Conn.setLast, WB.lastConn=MyWorkBase1.sqlite3; block2024\User; Conn;
#9; 2024-02-19T16:59:47.406575600+06:00; Conn.setLast, WB.abcLast={this.basic=965, this.debt=99, this.update=7, this.table=2, this.catalog=60, this.codePay=3, }, WB.lastConn=jdbc:sqlite:MyWorkBase1.sqlite3; block2024\User; Conn;
#10; 2024-02-19T16:59:47.440577600+06:00; Conn.setLocal, WB.abcLocal={this.local=10, this.sourceExtFile=4, this.workOutside=3, this.collector=1, this.registerOrg=2, }, localPath=D:\WorkbookBasic\WB\local\DatabaseLocal_2024_01_10T09_51_53.338_.sqlite3; block2024\User; Conn;
#14; 2024-02-19T16:59:47.453578300+06:00; Model.getId, res=[P1]2024-02-19T16:59:47#79835; block2024\User; Model;
#15; 2024-02-19T16:59:47.453578300+06:00; Model.getId, res=[P1]2024-02-19T16:59:47#69957; block2024\User; Model;
#16; 2024-02-19T16:59:47.453578300+06:00; Model.getId, res=[P1]2024-02-19T16:59:47#49784; block2024\User; Model;
#17; 2024-02-19T16:59:47.453578300+06:00; Model.getId, res=[P1]2024-02-19T16:59:47#11405; block2024\User; Model;
#18; 2024-02-19T16:59:47.453578300+06:00; Model.getId, res=[P1]2024-02-19T16:59:47#89182; block2024\User; Model;
#19; 2024-02-19T16:59:47.454578400+06:00; Model.getId, res=[P1]2024-02-19T16:59:47#99691; block2024\User; Model;
#20; 2024-02-19T16:59:47.454578400+06:00; Model.getId, res=[P1]2024-02-19T16:59:47#89018; block2024\User; Model;
#21; 2024-02-19T16:59:47.454578400+06:00; Model.getId, res=[P1]2024-02-19T16:59:47#3096; block2024\User; Model;
#22; 2024-02-19T16:59:47.454578400+06:00; Model.getId, res=[P1]2024-02-19T16:59:47#96253; block2024\User; Model;
#23; 2024-02-19T16:59:47.454578400+06:00; Model.getId, res=[P1]2024-02-19T16:59:47#39332; block2024\User; Model;
#24; 2024-02-19T16:59:47.454578400+06:00; Model.getId, res=[P1]2024-02-19T16:59:47#38730; block2024\User; Model;
#25; 2024-02-19T16:59:47.454578400+06:00; ModelDto.getId, res=2024-02-19T16:59:47.14742; block2024\User; ModelDto;
#26; 2024-02-19T16:59:47.454578400+06:00; ModelDto.getId, res=2024-02-19T16:59:47.23314; block2024\User; ModelDto;
#27; 2024-02-19T16:59:47.454578400+06:00; ModelDto.getId, res=2024-02-19T16:59:47.79492; block2024\User; ModelDto;
#28; 2024-02-19T16:59:47.455578400+06:00; ModelDto.getId, res=2024-02-19T16:59:47.98368; block2024\User; ModelDto;
#29; 2024-02-19T16:59:47.455578400+06:00; ModelDto.getId, res=2024-02-19T16:59:47.98594; block2024\User; ModelDto;
#30; 2024-02-19T16:59:47.455578400+06:00; ModelDto.getId, res=2024-02-19T16:59:47.61449; block2024\User; ModelDto;
#31; 2024-02-19T16:59:47.455578400+06:00; ModelDto.getId, res=2024-02-19T16:59:47.67620; block2024\User; ModelDto;
#32; 2024-02-19T16:59:47.455578400+06:00; ModelDto.getId, res=2024-02-19T16:59:47.76314; block2024\User; ModelDto;
#33; 2024-02-19T16:59:47.455578400+06:00; ModelDto.getId, res=2024-02-19T16:59:47.62113; block2024\User; ModelDto;
#34; 2024-02-19T16:59:47.455578400+06:00; ModelDto.getId, res=2024-02-19T16:59:47.34517; block2024\User; ModelDto;
#35; 2024-02-19T16:59:47.455578400+06:00; ModelDto.getId, res=2024-02-19T16:59:47.91237; block2024\User; ModelDto;
#36; 2024-02-19T16:59:47.475579600+06:00; DateTool.isExtraDayOff, res=false, currDate1=2023-01-01; block2024\User; DateTool;
#37; 2024-02-19T16:59:47.476579600+06:00; DateTool.getNumberWorkDay, date=2023-01-01, transferWeekend=1; block2024\User; DateTool;
#38; 2024-02-19T16:59:47.479579800+06:00; DateTool.isExtraDayOff, res=true, currDate1=2023-01-07; block2024\User; DateTool;
#39; 2024-02-19T16:59:47.492580600+06:00; DateTool.test.getNumberWorkDay, res=20, month=JANUARY; block2024\User; DateTool;
#40; 2024-02-19T16:59:47.503581200+06:00; DateTool.test.getNumberWorkDay, res=20, month=FEBRUARY; block2024\User; DateTool;
#41; 2024-02-19T16:59:47.512581700+06:00; DateTool.test.getNumberWorkDay, res=19, month=MARCH; block2024\User; DateTool;
#42; 2024-02-19T16:59:47.520582200+06:00; DateTool.test.getNumberWorkDay, res=20, month=APRIL; block2024\User; DateTool;
#43; 2024-02-19T16:59:47.522582300+06:00; DateTool.isExtraDayOff, res=false, currDate1=2023-05-07; block2024\User; DateTool;
#44; 2024-02-19T16:59:47.522582300+06:00; DateTool.getNumberWorkDay, date=2023-05-07, transferWeekend=1; block2024\User; DateTool;
#45; 2024-02-19T16:59:47.526582500+06:00; DateTool.test.getNumberWorkDay, res=20, month=MAY; block2024\User; DateTool;
#46; 2024-02-19T16:59:47.529582700+06:00; DateTool.test.getNumberWorkDay, res=21, month=JUNE; block2024\User; DateTool;
#47; 2024-02-19T16:59:47.533582900+06:00; DateTool.test.getNumberWorkDay, res=20, month=JULY; block2024\User; DateTool;
#48; 2024-02-19T16:59:47.536583100+06:00; DateTool.test.getNumberWorkDay, res=22, month=AUGUST; block2024\User; DateTool;
#49; 2024-02-19T16:59:47.539583300+06:00; DateTool.test.getNumberWorkDay, res=21, month=SEPTEMBER; block2024\User; DateTool;
#50; 2024-02-19T16:59:47.542583400+06:00; DateTool.test.getNumberWorkDay, res=21, month=OCTOBER; block2024\User; DateTool;
#51; 2024-02-19T16:59:47.544583500+06:00; DateTool.test.getNumberWorkDay, res=22, month=NOVEMBER; block2024\User; DateTool;
#52; 2024-02-19T16:59:47.545583600+06:00; DateTool.isExtraDayOff, res=false, currDate1=2023-12-16; block2024\User; DateTool;
#53; 2024-02-19T16:59:47.545583600+06:00; DateTool.getNumberWorkDay, date=2023-12-16, transferWeekend=1; block2024\User; DateTool;
#54; 2024-02-19T16:59:47.546583700+06:00; DateTool.test.getNumberWorkDay, res=20, month=DECEMBER; block2024\User; DateTool;
#55; 2024-02-19T16:59:47.546583700+06:00; DateTool.isExtraDayOff, res=true, currDate1=2024-01-07; block2024\User; DateTool;
#56; 2024-02-19T16:59:47.548583800+06:00; DateTool.test.getNumberWorkDay, res=21, month=JANUARY; block2024\User; DateTool;
#57; 2024-02-19T16:59:47.550583900+06:00; DateTool.test.getNumberWorkDay, res=21, month=FEBRUARY; block2024\User; DateTool;
#58; 2024-02-19T16:59:47.551583900+06:00; DateTool.isExtraDayOff, res=false, currDate1=2024-03-23; block2024\User; DateTool;
#59; 2024-02-19T16:59:47.551583900+06:00; DateTool.getNumberWorkDay, date=2024-03-23, transferWeekend=1; block2024\User; DateTool;
#60; 2024-02-19T16:59:47.551583900+06:00; DateTool.test.getNumberWorkDay, res=17, month=MARCH; block2024\User; DateTool;
#61; 2024-02-19T16:59:47.553584100+06:00; DateTool.test.getNumberWorkDay, res=22, month=APRIL; block2024\User; DateTool;
#62; 2024-02-19T16:59:47.554584100+06:00; DateTool.test.getNumberWorkDay, res=20, month=MAY; block2024\User; DateTool;
#63; 2024-02-19T16:59:47.555584200+06:00; DateTool.test.getNumberWorkDay, res=19, month=JUNE; block2024\User; DateTool;
#64; 2024-02-19T16:59:47.556584200+06:00; DateTool.isExtraDayOff, res=false, currDate1=2024-07-06; block2024\User; DateTool;
#65; 2024-02-19T16:59:47.556584200+06:00; DateTool.getNumberWorkDay, date=2024-07-06, transferWeekend=1; block2024\User; DateTool;
#66; 2024-02-19T16:59:47.557584300+06:00; DateTool.test.getNumberWorkDay, res=22, month=JULY; block2024\User; DateTool;
#67; 2024-02-19T16:59:47.559584400+06:00; DateTool.test.getNumberWorkDay, res=21, month=AUGUST; block2024\User; DateTool;
#68; 2024-02-19T16:59:47.560584500+06:00; DateTool.test.getNumberWorkDay, res=21, month=SEPTEMBER; block2024\User; DateTool;
#69; 2024-02-19T16:59:47.562584600+06:00; DateTool.test.getNumberWorkDay, res=22, month=OCTOBER; block2024\User; DateTool;
#70; 2024-02-19T16:59:47.565584700+06:00; DateTool.test.getNumberWorkDay, res=21, month=NOVEMBER; block2024\User; DateTool;
#71; 2024-02-19T16:59:47.567584900+06:00; DateTool.test.getNumberWorkDay, res=21, month=DECEMBER; block2024\User; DateTool;
#72; 2024-02-19T16:59:47.570585+06:00; DateTool.test.isMonthSpan, res=true; block2024\User; DateTool;
#73; 2024-02-19T16:59:47.570585+06:00; DateTool.test.isMonthSpan, res=false; block2024\User; DateTool;
#75; 2024-02-19T16:59:50.842772200+06:00; Command.exit; block2024\User; Command;

