#1; 2024-01-16T14:40:52.800200100+06:00; WB.static ctor block init, abcGlobal={basic=162, template=12, }; LENOVO2020\1; WB;
#2; 2024-01-16T14:40:52.808200100+06:00; Logger.getGlobalStart, eventGlobalStart=2024-01-16T14:40:52.808200100+06:00; LENOVO2020\1; Logger;
#3; 2024-01-16T14:40:52.830200100+06:00; Conn.getDbList, Conn.work=[MyWorkBase1.sqlite3]; LENOVO2020\1; Conn;
#10; 2024-01-16T14:40:53.198200100+06:00; Conn.getLocal, finally localPath=D:\WorkbookBasic\WB\local\DatabaseLocal_2024_01_10T09_51_53.338_.sqlite3, finally WB.abcLocal={local=10, sourceExtFile=4, workOutside=3, collector=1, registerOrg=2, }; LENOVO2020\1; Conn;
#101; 2024-01-16T14:40:53.310200100+06:00; Workbook.getMeterValue, ex=For input string: "21-22.03.YYYY", StackTrace=[Ljava.lang.StackTraceElement;@13deb50e; LENOVO2020\1; Workbook;
#102; 2024-01-16T14:40:53.310200100+06:00; Workbook.getMeterValue, ex=For input string: "21-23.03.YYYY", StackTrace=[Ljava.lang.StackTraceElement;@239963d8; LENOVO2020\1; Workbook;
#103; 2024-01-16T14:40:53.311200100+06:00; Workbook.getMeterValue, ex=For input string: "21-23.03.YYYY", StackTrace=[Ljava.lang.StackTraceElement;@3abbfa04; LENOVO2020\1; Workbook;
#107; 2024-01-16T14:40:53.315200100+06:00; Workbook.getMeterValue, ex=For input string: "21-22.03.YYYY", StackTrace=[Ljava.lang.StackTraceElement;@57fffcd7; LENOVO2020\1; Workbook;
#108; 2024-01-16T14:40:53.315200100+06:00; Workbook.getMeterValue, ex=For input string: "21-23.03.YYYY", StackTrace=[Ljava.lang.StackTraceElement;@31ef45e3; LENOVO2020\1; Workbook;
#109; 2024-01-16T14:40:53.317200100+06:00; Workbook.getMeterValue, ex=multiple points, StackTrace=[Ljava.lang.StackTraceElement;@598067a5; LENOVO2020\1; Workbook;
#110; 2024-01-16T14:40:53.317200100+06:00; Workbook.getMeterValue, ex=multiple points, StackTrace=[Ljava.lang.StackTraceElement;@3c0ecd4b; LENOVO2020\1; Workbook;
#111; 2024-01-16T14:40:53.317200100+06:00; Workbook.getMeterValue, ex=multiple points, StackTrace=[Ljava.lang.StackTraceElement;@14bf9759; LENOVO2020\1; Workbook;
#112; 2024-01-16T14:40:53.318200100+06:00; Workbook.getMeterValue, ex=multiple points, StackTrace=[Ljava.lang.StackTraceElement;@5f341870; LENOVO2020\1; Workbook;
#113; 2024-01-16T14:40:53.318200100+06:00; Workbook.getMeterValue, ex=multiple points, StackTrace=[Ljava.lang.StackTraceElement;@553f17c; LENOVO2020\1; Workbook;
#114; 2024-01-16T14:40:53.318200100+06:00; Workbook.getMeterValue, ex=For input string: "16-17.12.YYYY", StackTrace=[Ljava.lang.StackTraceElement;@4f7d0008; LENOVO2020\1; Workbook;
#115; 2024-01-16T14:40:53.318200100+06:00; Workbook.getMeterValue, ex=multiple points, StackTrace=[Ljava.lang.StackTraceElement;@271053e1; LENOVO2020\1; Workbook;
#116; 2024-01-16T14:40:53.319200100+06:00; Workbook.getMeterValue, ex=multiple points, StackTrace=[Ljava.lang.StackTraceElement;@589838eb; LENOVO2020\1; Workbook;
#117; 2024-01-16T14:40:53.319200100+06:00; Workbook.getMeterValue, ex=multiple points, StackTrace=[Ljava.lang.StackTraceElement;@42dafa95; LENOVO2020\1; Workbook;
#118; 2024-01-16T14:40:53.319200100+06:00; Workbook.getMeterValue, ex=multiple points, StackTrace=[Ljava.lang.StackTraceElement;@6500df86; LENOVO2020\1; Workbook;
#149; 2024-01-16T14:40:53.688200100+06:00; GUI.getFrameBasic, frame.getName=frame0; LENOVO2020\1; GUI;
#151; 2024-01-16T14:40:57.707200100+06:00; Logger.getEventEnd, eventGlobalEnd=2024-01-16T14:40:57.707200100+06:00; LENOVO2020\1; Logger;
#152; 2024-01-16T14:40:57.708200100+06:00; Logger.getEventEnd, durationGlobal=4899 ms; LENOVO2020\1; Logger;
Log detail
#4; 2024-01-16T14:40:52.830200100+06:00; Conn.getDbList, Conn.systemFact=[DatabaseGlobal.sqlite3, DatabaseTemplate.sqlite3]; LENOVO2020\1; Conn;
#5; 2024-01-16T14:40:52.830200100+06:00; Conn.getDbList, Conn.testDb=null; LENOVO2020\1; Conn;
#6; 2024-01-16T14:40:52.830200100+06:00; Conn.getDbList, Conn.exampleDb=null; LENOVO2020\1; Conn;
#7; 2024-01-16T14:40:52.830200100+06:00; Conn.setLast, WB.lastConn=MyWorkBase1.sqlite3; LENOVO2020\1; Conn;
#8; 2024-01-16T14:40:53.093200100+06:00; Conn.setLast, WB.abcLast={basic=959, table=2, catalog=60, codePay=3, template=23, }, WB.lastConn=jdbc:sqlite:MyWorkBase1.sqlite3; LENOVO2020\1; Conn;
#9; 2024-01-16T14:40:53.198200100+06:00; Conn.setLocal, WB.abcLocal={local=10, sourceExtFile=4, workOutside=3, collector=1, registerOrg=2, }, localPath=D:\WorkbookBasic\WB\local\DatabaseLocal_2024_01_10T09_51_53.338_.sqlite3; LENOVO2020\1; Conn;
#11; 2024-01-16T14:40:53.202200100+06:00; Etc.test.fixDouble, res=17420, testArg1=17420; LENOVO2020\1; Etc;
#12; 2024-01-16T14:40:53.202200100+06:00; Etc.test.fixDouble, res=17420, testArg1=17 420; LENOVO2020\1; Etc;
#13; 2024-01-16T14:40:53.203200100+06:00; Etc.test.fixDouble, res=17420.0, testArg1=17420.0; LENOVO2020\1; Etc;
#14; 2024-01-16T14:40:53.203200100+06:00; Etc.test.fixDouble, res=17420.00, testArg1=17420.00; LENOVO2020\1; Etc;
#15; 2024-01-16T14:40:53.213200100+06:00; Etc.test.fixDouble, res=17420.0, testArg1=17420,0; LENOVO2020\1; Etc;
#16; 2024-01-16T14:40:53.214200100+06:00; Etc.test.fixDouble, res=17420.0, testArg1=17420,00; LENOVO2020\1; Etc;
#17; 2024-01-16T14:40:53.214200100+06:00; Etc.test.fixDouble, res=17420.0, testArg1=17420,000; LENOVO2020\1; Etc;
#18; 2024-01-16T14:40:53.214200100+06:00; Etc.test.fixDouble, res=17420.0, testArg1=17420,0000; LENOVO2020\1; Etc;
#19; 2024-01-16T14:40:53.214200100+06:00; Etc.test.fixDouble, res=17420.00, testArg1=17 420.00; LENOVO2020\1; Etc;
#20; 2024-01-16T14:40:53.214200100+06:00; Etc.test.fixDouble, res=-17420, testArg1=-17420; LENOVO2020\1; Etc;
#21; 2024-01-16T14:40:53.214200100+06:00; Etc.test.fixDouble, res=17420-18560, testArg1=17420 - 18560; LENOVO2020\1; Etc;
#22; 2024-01-16T14:40:53.214200100+06:00; Etc.test.fixDouble, res=34.152562, testArg1=34.152562; LENOVO2020\1; Etc;
#23; 2024-01-16T14:40:53.215200100+06:00; Etc.test.fixDouble, res=34152562, testArg1=34,152562; LENOVO2020\1; Etc;
#24; 2024-01-16T14:40:53.215200100+06:00; Etc.test.fixDouble, res=34153600.2, testArg1=34,153,600.2; LENOVO2020\1; Etc;
#25; 2024-01-16T14:40:53.216200100+06:00; Etc.test.fixDouble, res=34153600.2, testArg1=34 153 600.2; LENOVO2020\1; Etc;
#26; 2024-01-16T14:40:53.216200100+06:00; Etc.test.fixDouble, res=34153600.2, testArg1=34153600.2; LENOVO2020\1; Etc;
#27; 2024-01-16T14:40:53.217200100+06:00; Etc.test.getFileName, res=otchet_ff.pdf, testArg1=https://lom-bard.kz/static/reports/2022/otchet_ff.pdf; LENOVO2020\1; Etc;
#28; 2024-01-16T14:40:53.217200100+06:00; Etc.test.getFileName, res=testFile.txt, testArg1=C:\testDir\testFile.txt; LENOVO2020\1; Etc;
#29; 2024-01-16T14:40:53.233200100+06:00; Etc.test.getOffsetDateTime, res=2023-11-24T06:46:16.907+06:00, testArg1=2023-11-24T06:46:16.907+06:00; LENOVO2020\1; Etc;
#30; 2024-01-16T14:40:53.234200100+06:00; Etc.test.getOffsetDateTime, res=null, testArg1=2023-11-08 02:15:09; LENOVO2020\1; Etc;
#31; 2024-01-16T14:40:53.235200100+06:00; Etc.test.getOffsetDateTime, res=null, testArg1=06:46:16.907+06:00; LENOVO2020\1; Etc;
#32; 2024-01-16T14:40:53.235200100+06:00; Etc.test.getOffsetDateTime, res=null, testArg1=2019-01-01; LENOVO2020\1; Etc;
#33; 2024-01-16T14:40:53.235200100+06:00; Etc.test.getOffsetDateTime, res=null, testArg1=test1; LENOVO2020\1; Etc;
#34; 2024-01-16T14:40:53.235200100+06:00; Etc.test.getOffsetDateTime, res=null, testArg1=12.45; LENOVO2020\1; Etc;
#35; 2024-01-16T14:40:53.235200100+06:00; Etc.test.getOffsetDateTime, res=null, testArg1=null; LENOVO2020\1; Etc;
#36; 2024-01-16T14:40:53.236200100+06:00; Etc.test.getLocalDate, res=2024-01-16, testArg1=2023-11-24T06:46:16.907+06:00; LENOVO2020\1; Etc;
#37; 2024-01-16T14:40:53.237200100+06:00; Etc.test.getLocalDate, res=2024-01-16, testArg1=2023-11-08 02:15:09; LENOVO2020\1; Etc;
#38; 2024-01-16T14:40:53.237200100+06:00; Etc.test.getLocalDate, res=2024-01-16, testArg1=06:46:16.907+06:00; LENOVO2020\1; Etc;
#39; 2024-01-16T14:40:53.237200100+06:00; Etc.test.getLocalDate, res=2019-01-01, testArg1=2019-01-01; LENOVO2020\1; Etc;
#40; 2024-01-16T14:40:53.237200100+06:00; Etc.test.getLocalDate, res=2024-01-16, testArg1=test1; LENOVO2020\1; Etc;
#41; 2024-01-16T14:40:53.237200100+06:00; Etc.test.getLocalDate, res=2024-01-16, testArg1=12.45; LENOVO2020\1; Etc;
#42; 2024-01-16T14:40:53.237200100+06:00; Etc.test.getLocalDate, res=2024-01-16, testArg1=null; LENOVO2020\1; Etc;
#43; 2024-01-16T14:40:53.238200100+06:00; Etc.test.getLocalTime, res=null, testArg1=2023-11-24T06:46:16.907+06:00; LENOVO2020\1; Etc;
#44; 2024-01-16T14:40:53.238200100+06:00; Etc.test.getLocalTime, res=null, testArg1=2023-11-08 02:15:09; LENOVO2020\1; Etc;
#45; 2024-01-16T14:40:53.238200100+06:00; Etc.test.getLocalTime, res=null, testArg1=06:46:16.907+06:00; LENOVO2020\1; Etc;
#46; 2024-01-16T14:40:53.238200100+06:00; Etc.test.getLocalTime, res=null, testArg1=2019-01-01; LENOVO2020\1; Etc;
#47; 2024-01-16T14:40:53.238200100+06:00; Etc.test.getLocalTime, res=null, testArg1=test1; LENOVO2020\1; Etc;
#48; 2024-01-16T14:40:53.238200100+06:00; Etc.test.getLocalTime, res=null, testArg1=12.45; LENOVO2020\1; Etc;
#49; 2024-01-16T14:40:53.239200100+06:00; Etc.test.getLocalTime, res=null, testArg1=null; LENOVO2020\1; Etc;
#50; 2024-01-16T14:40:53.242200100+06:00; Etc.test, roundCustom(testNum1 - testNum2)=0.01, testNum1=5000000.02, testNum2=5000000.01; LENOVO2020\1; Etc;
#51; 2024-01-16T14:40:53.244200100+06:00; Etc.test.fixString, res=test1, testArg1=test1; LENOVO2020\1; Etc;
#52; 2024-01-16T14:40:53.248200100+06:00; Etc.test.fixString, res=12.45, testArg1=12.45; LENOVO2020\1; Etc;
#53; 2024-01-16T14:40:53.249200100+06:00; Etc.test.fixString, res={}, testArg1={}; LENOVO2020\1; Etc;
#54; 2024-01-16T14:40:53.249200100+06:00; Etc.test.fixString, res=, testArg1=null; LENOVO2020\1; Etc;
#55; 2024-01-16T14:40:53.273200100+06:00; Etc.test.strEqual, res=true, testArg1=test1, str2=test1; LENOVO2020\1; Etc;
#56; 2024-01-16T14:40:53.273200100+06:00; Etc.test.strEqual, res=true, testArg1=test1 , str2=test1; LENOVO2020\1; Etc;
#57; 2024-01-16T14:40:53.273200100+06:00; Etc.test.strEqual, res=true, testArg1= tEst1, str2=test1; LENOVO2020\1; Etc;
#58; 2024-01-16T14:40:53.273200100+06:00; Etc.test.strEqual, res=true, testArg1=TEST1, str2=test1; LENOVO2020\1; Etc;
#59; 2024-01-16T14:40:53.273200100+06:00; Etc.test.strEqual, res=false, testArg1=test22, str2=test1; LENOVO2020\1; Etc;
#60; 2024-01-16T14:40:53.278200100+06:00; Etc.test.ratio100, res=1.0, testArg1=100.0; LENOVO2020\1; Etc;
#61; 2024-01-16T14:40:53.278200100+06:00; Etc.test.ratio100, res=0.6743, testArg1=67.43; LENOVO2020\1; Etc;
#62; 2024-01-16T14:40:53.278200100+06:00; Etc.test.ratio100, res=0.0, testArg1=0.0; LENOVO2020\1; Etc;
#63; 2024-01-16T14:40:53.279200100+06:00; Etc.test.ratio100, res=0.2356, testArg1=23.56452; LENOVO2020\1; Etc;
#64; 2024-01-16T14:40:53.279200100+06:00; Etc.test.ratio100, res=0.12, testArg1=12.0; LENOVO2020\1; Etc;
#65; 2024-01-16T14:40:53.279200100+06:00; Etc.test.ratio100, res=2.3465, testArg1=234.65432; LENOVO2020\1; Etc;
#66; 2024-01-16T14:40:53.284200100+06:00; Etc.test.roundTax, res=100.0, testArg1=100.0, testArg2=Debt.VAT.Sell.RateBasic; LENOVO2020\1; Etc;
#67; 2024-01-16T14:40:53.284200100+06:00; Etc.test.roundTax, res=100.0, testArg1=100.0, testArg2=Debt.Pension.OPV.RateBasic; LENOVO2020\1; Etc;
#68; 2024-01-16T14:40:53.284200100+06:00; Etc.test.roundTax, res=57.44, testArg1=57.4363, testArg2=Debt.VAT.Sell.RateBasic; LENOVO2020\1; Etc;
#69; 2024-01-16T14:40:53.284200100+06:00; Etc.test.roundTax, res=57.0, testArg1=57.4363, testArg2=Debt.Pension.OPV.RateBasic; LENOVO2020\1; Etc;
#70; 2024-01-16T14:40:53.284200100+06:00; Etc.test.roundTax, res=43.01, testArg1=43.0078, testArg2=Debt.VAT.Sell.RateBasic; LENOVO2020\1; Etc;
#71; 2024-01-16T14:40:53.284200100+06:00; Etc.test.roundTax, res=43.0, testArg1=43.0078, testArg2=Debt.Pension.OPV.RateBasic; LENOVO2020\1; Etc;
#72; 2024-01-16T14:40:53.285200100+06:00; Etc.test.roundTax, res=21.21, testArg1=21.212, testArg2=Debt.VAT.Sell.RateBasic; LENOVO2020\1; Etc;
#73; 2024-01-16T14:40:53.285200100+06:00; Etc.test.roundTax, res=21.0, testArg1=21.212, testArg2=Debt.Pension.OPV.RateBasic; LENOVO2020\1; Etc;
#74; 2024-01-16T14:40:53.285200100+06:00; Etc.test.roundTax, res=34.78, testArg1=34.7845, testArg2=Debt.VAT.Sell.RateBasic; LENOVO2020\1; Etc;
#75; 2024-01-16T14:40:53.285200100+06:00; Etc.test.roundTax, res=35.0, testArg1=34.7845, testArg2=Debt.Pension.OPV.RateBasic; LENOVO2020\1; Etc;
#76; 2024-01-16T14:40:53.289200100+06:00; Etc.test.roundCustom, res=100.0, testArg1=100.0, numberFractionalDigit=2; LENOVO2020\1; Etc;
#77; 2024-01-16T14:40:53.289200100+06:00; Etc.test.roundCustom, res=57.44, testArg1=57.4363, numberFractionalDigit=2; LENOVO2020\1; Etc;
#78; 2024-01-16T14:40:53.289200100+06:00; Etc.test.roundCustom, res=43.01, testArg1=43.0078, numberFractionalDigit=2; LENOVO2020\1; Etc;
#79; 2024-01-16T14:40:53.289200100+06:00; Etc.test.roundCustom, res=21.21, testArg1=21.212, numberFractionalDigit=2; LENOVO2020\1; Etc;
#80; 2024-01-16T14:40:53.289200100+06:00; Etc.test.roundCustom, res=34.78, testArg1=34.7845, numberFractionalDigit=2; LENOVO2020\1; Etc;
#81; 2024-01-16T14:40:53.290200100+06:00; Etc.test.roundCustom, res=100.0, testArg1=100.0, numberFractionalDigit=0; LENOVO2020\1; Etc;
#82; 2024-01-16T14:40:53.290200100+06:00; Etc.test.roundCustom, res=57.0, testArg1=57.4363, numberFractionalDigit=0; LENOVO2020\1; Etc;
#83; 2024-01-16T14:40:53.290200100+06:00; Etc.test.roundCustom, res=43.0, testArg1=43.0078, numberFractionalDigit=0; LENOVO2020\1; Etc;
#84; 2024-01-16T14:40:53.290200100+06:00; Etc.test.roundCustom, res=21.0, testArg1=21.212, numberFractionalDigit=0; LENOVO2020\1; Etc;
#85; 2024-01-16T14:40:53.290200100+06:00; Etc.test.roundCustom, res=35.0, testArg1=34.7845, numberFractionalDigit=0; LENOVO2020\1; Etc;
#86; 2024-01-16T14:40:53.290200100+06:00; Etc.test.fixLocalDate, res=2026-04-28, testArg1=2026-04-28; LENOVO2020\1; Etc;
#87; 2024-01-16T14:40:53.291200100+06:00; Etc.test.fixLocalDate, res=2000-01-01, testArg1=1967-11-25; LENOVO2020\1; Etc;
#88; 2024-01-16T14:40:53.291200100+06:00; Etc.test.fixLocalDate, res=2060-12-31, testArg1=2100-05-26; LENOVO2020\1; Etc;
#89; 2024-01-16T14:40:53.291200100+06:00; Etc.test.fixTrim, res=test1, testArg1=test1; LENOVO2020\1; Etc;
#90; 2024-01-16T14:40:53.291200100+06:00; Etc.test.fixTrim, res=test2, testArg1=test2 ; LENOVO2020\1; Etc;
#91; 2024-01-16T14:40:53.291200100+06:00; Etc.test.fixTrim, res=test3, testArg1= test3; LENOVO2020\1; Etc;
#92; 2024-01-16T14:40:53.291200100+06:00; Etc.test.fixTrim, res=test4, testArg1= test4 ; LENOVO2020\1; Etc;
#93; 2024-01-16T14:40:53.292200100+06:00; Etc.test.setZeroOnNeg, res=1.25, testArg1=1.25; LENOVO2020\1; Etc;
#94; 2024-01-16T14:40:53.292200100+06:00; Etc.test.setZeroOnNeg, res=0.0, testArg1=-41.2556; LENOVO2020\1; Etc;
#95; 2024-01-16T14:40:53.292200100+06:00; Etc.test.setZeroOnNeg, res=0.0, testArg1=0.0; LENOVO2020\1; Etc;
#96; 2024-01-16T14:40:53.292200100+06:00; Etc.test.setZeroOnNeg, res=2.0E-4, testArg1=2.0E-4; LENOVO2020\1; Etc;
#97; 2024-01-16T14:40:53.292200100+06:00; Etc.test.setZeroOnNeg, res=0.0, testArg1=-2.0E-4; LENOVO2020\1; Etc;
#98; 2024-01-16T14:40:53.292200100+06:00; Etc.test.setZeroOnNeg, res=64.1278, testArg1=64.1278; LENOVO2020\1; Etc;
#99; 2024-01-16T14:40:53.305200100+06:00; Debt.test.getSegment, res=3450.0, testArg1=2023-01-16, testArg2={code=MinRate, meter=Meter.Amount, }; LENOVO2020\1; Debt;
#100; 2024-01-16T14:40:53.307200100+06:00; Debt.test.getSegment, res=70000.0, testArg1=2023-01-16, testArg2={code=MinSalary, meter=Meter.Amount, }; LENOVO2020\1; Debt;
#104; 2024-01-16T14:40:53.311200100+06:00; Debt.test.getSegment, res=0.0, testArg1=2023-01-16, testArg2={}; LENOVO2020\1; Debt;
#105; 2024-01-16T14:40:53.313200100+06:00; Debt.test.getSegment, res=3692.0, testArg1=2024-01-16, testArg2={code=MinRate, meter=Meter.Amount, }; LENOVO2020\1; Debt;
#106; 2024-01-16T14:40:53.315200100+06:00; Debt.test.getSegment, res=85000.0, testArg1=2024-01-16, testArg2={code=MinSalary, meter=Meter.Amount, }; LENOVO2020\1; Debt;
#119; 2024-01-16T14:40:53.323200100+06:00; Debt.test.getSegment, res=3692.0, testArg1=2024-01-16, testArg2={}; LENOVO2020\1; Debt;
#120; 2024-01-16T14:40:53.324200100+06:00; Debt.test.getSumTax, res=12.0, baseTax=100.0, RateTax=12.0; LENOVO2020\1; Debt;
#121; 2024-01-16T14:40:53.324200100+06:00; Debt.test.getOutVAT as reverse check for getSumTax, res=12.0, baseTax=100.0, RateTax=12.0; LENOVO2020\1; Debt;
#122; 2024-01-16T14:40:53.324200100+06:00; Debt.test.getSumTax, res=68.09, baseTax=567.43, RateTax=12.0; LENOVO2020\1; Debt;
#123; 2024-01-16T14:40:53.324200100+06:00; Debt.test.getOutVAT as reverse check for getSumTax, res=68.09, baseTax=567.43, RateTax=12.0; LENOVO2020\1; Debt;
#124; 2024-01-16T14:40:53.324200100+06:00; Debt.test.getSumTax, res=0.0, baseTax=0.0, RateTax=12.0; LENOVO2020\1; Debt;
#125; 2024-01-16T14:40:53.324200100+06:00; Debt.test.getOutVAT as reverse check for getSumTax, res=0.0, baseTax=0.0, RateTax=12.0; LENOVO2020\1; Debt;
#126; 2024-01-16T14:40:53.324200100+06:00; Debt.test.getSumTax, res=38.83, baseTax=323.56452, RateTax=12.0; LENOVO2020\1; Debt;
#127; 2024-01-16T14:40:53.324200100+06:00; Debt.test.getOutVAT as reverse check for getSumTax, res=38.83, baseTax=323.56452, RateTax=12.0; LENOVO2020\1; Debt;
#128; 2024-01-16T14:40:53.326200100+06:00; Debt.test.getRateVAT, res=12.0; LENOVO2020\1; Debt;
#129; 2024-01-16T14:40:53.326200100+06:00; Debt.test.subtractInVAT, res=100.0, sumWithVAT=112.0, rateVAT=12.0; LENOVO2020\1; Debt;
#130; 2024-01-16T14:40:53.326200100+06:00; Debt.test.addOutVAT as reverse check for subtractInVAT, res=112.0, sumLessVAT=100.0, rateVAT=12.0; LENOVO2020\1; Debt;
#131; 2024-01-16T14:40:53.327200100+06:00; Debt.test.subtractInVAT, res=506.86, sumWithVAT=567.68, rateVAT=12.0; LENOVO2020\1; Debt;
#132; 2024-01-16T14:40:53.327200100+06:00; Debt.test.addOutVAT as reverse check for subtractInVAT, res=567.68, sumLessVAT=506.86, rateVAT=12.0; LENOVO2020\1; Debt;
#133; 2024-01-16T14:40:53.327200100+06:00; Debt.test.subtractInVAT, res=0.0, sumWithVAT=0.0, rateVAT=12.0; LENOVO2020\1; Debt;
#134; 2024-01-16T14:40:53.327200100+06:00; Debt.test.addOutVAT as reverse check for subtractInVAT, res=0.0, sumLessVAT=0.0, rateVAT=12.0; LENOVO2020\1; Debt;
#135; 2024-01-16T14:40:53.327200100+06:00; Debt.test.subtractInVAT, res=306.12, sumWithVAT=342.8456, rateVAT=12.0; LENOVO2020\1; Debt;
#136; 2024-01-16T14:40:53.327200100+06:00; Debt.test.addOutVAT as reverse check for subtractInVAT, res=342.85, sumLessVAT=306.12, rateVAT=12.0; LENOVO2020\1; Debt;
#137; 2024-01-16T14:40:53.327200100+06:00; Debt.test.addOutVAT, res=112.0, sumLessVAT=100.0, rateVAT=12.0; LENOVO2020\1; Debt;
#138; 2024-01-16T14:40:53.327200100+06:00; Debt.test.addOutVAT, res=635.52, sumLessVAT=567.43, rateVAT=12.0; LENOVO2020\1; Debt;
#139; 2024-01-16T14:40:53.327200100+06:00; Debt.test.addOutVAT, res=0.0, sumLessVAT=0.0, rateVAT=12.0; LENOVO2020\1; Debt;
#140; 2024-01-16T14:40:53.327200100+06:00; Debt.test.addOutVAT, res=362.39, sumLessVAT=323.56452, rateVAT=12.0; LENOVO2020\1; Debt;
#141; 2024-01-16T14:40:53.328200100+06:00; Debt.test.getOutVAT, res=12.0, sumLessVAT=100.0, rateVAT=12.0; LENOVO2020\1; Debt;
#142; 2024-01-16T14:40:53.328200100+06:00; Debt.test.getOutVAT, res=68.09, sumLessVAT=567.43, rateVAT=12.0; LENOVO2020\1; Debt;
#143; 2024-01-16T14:40:53.328200100+06:00; Debt.test.getOutVAT, res=0.0, sumLessVAT=0.0, rateVAT=12.0; LENOVO2020\1; Debt;
#144; 2024-01-16T14:40:53.328200100+06:00; Debt.test.getOutVAT, res=38.83, sumLessVAT=323.56452, rateVAT=12.0; LENOVO2020\1; Debt;
#145; 2024-01-16T14:40:53.328200100+06:00; Debt.test.addInVAT, res=12.0, sumWithVAT=112.0, rateVAT=12.0; LENOVO2020\1; Debt;
#146; 2024-01-16T14:40:53.328200100+06:00; Debt.test.addInVAT, res=60.82, sumWithVAT=567.68, rateVAT=12.0; LENOVO2020\1; Debt;
#147; 2024-01-16T14:40:53.328200100+06:00; Debt.test.addInVAT, res=0.0, sumWithVAT=0.0, rateVAT=12.0; LENOVO2020\1; Debt;
#148; 2024-01-16T14:40:53.328200100+06:00; Debt.test.addInVAT, res=36.73, sumWithVAT=342.8456, rateVAT=12.0; LENOVO2020\1; Debt;
#150; 2024-01-16T14:40:57.707200100+06:00; Command.exit; LENOVO2020\1; Command;

