#2; 2023-12-14T09:51:40.418+06:00; WB.static init, abcGlobal={basic.size=160}; LENOVO2020\1; WB;
#3; 2023-12-14T09:51:40.420+06:00; Logger.getGlobalStart, eventGlobalStart=2023-12-14T09:51:40.419+06:00; LENOVO2020\1; Logger;
#4; 2023-12-14T09:51:40.437+06:00; Conn.getDbList, Conn.work=[MyBase1.sqlite3]; LENOVO2020\1; Conn;
#73; 2023-12-14T09:51:40.647+06:00; Account.test, Account.root={id=Account, code=Account, description=AccountData, }; LENOVO2020\1; Account;
#74; 2023-12-14T09:51:40.650+06:00; Asset.test, Asset.root={id=Asset, code=Asset, description=AssetData, }; LENOVO2020\1; Asset;
#75; 2023-12-14T09:51:40.651+06:00; Deal.test, Deal.root={id=Deal, code=Deal, description=DealData, }; LENOVO2020\1; Deal;
#76; 2023-12-14T09:51:40.652+06:00; Debt.test, Debt.root={id=Debt, code=Debt, description=DebtData, }; LENOVO2020\1; Debt;
#106; 2023-12-14T09:51:40.671+06:00; Face.test, Face.root={id=Face, code=Face, description=FaceData, }; LENOVO2020\1; Face;
#107; 2023-12-14T09:51:40.672+06:00; Geo.test, Geo.root={id=Geo, code=Geo, description=GeoData, }; LENOVO2020\1; Geo;
#108; 2023-12-14T09:51:40.674+06:00; Meter.test, Meter.root={id=Meter, code=Meter, description=MeterData, }; LENOVO2020\1; Meter;
#109; 2023-12-14T09:51:40.675+06:00; Price.test, Price.root={id=Price, code=Price, description=PriceData, }; LENOVO2020\1; Price;
#110; 2023-12-14T09:51:40.676+06:00; Process.test, Process.root={id=Process, code=Process, description=ProcessData, }; LENOVO2020\1; Process;
#111; 2023-12-14T09:51:40.678+06:00; Unit.test, Unit.root={id=Unit, code=Unit, description=UnitData, }; LENOVO2020\1; Unit;
#112; 2023-12-14T09:51:40.678+06:00; Workbook.test, Workbook.root={id=Workbook, code=Workbook, description=WorkbookData, }; LENOVO2020\1; Workbook;
#113; 2023-12-14T09:51:40.680+06:00; Slice.test, Slice.root={id=Slice, code=Slice, description=sliceData, }; LENOVO2020\1; Slice;
#114; 2023-12-14T09:51:40.681+06:00; Mark.test, Mark.root={id=Mark, code=Mark, description=MarkData, }; LENOVO2020\1; Mark;
#115; 2023-12-14T09:51:40.681+06:00; Role.test, Role.root={id=Role, code=Role, description=RoleData, }; LENOVO2020\1; Role;
#116; 2023-12-14T09:51:40.682+06:00; Info.test, Info.root={id=Info, code=Info, description=InfoData, }; LENOVO2020\1; Info;
#117; 2023-12-14T09:51:40.683+06:00; Sign.test, Sign.root={id=Sign, code=Sign, description=SignData, }; LENOVO2020\1; Sign;
#118; 2023-12-14T09:51:40.684+06:00; Item.test, Item.root={id=Item, code=Item, description=ItemData, }; LENOVO2020\1; Item;
#119; 2023-12-14T09:51:40.897+06:00; GUI.getFrameBasic, frame.getName=frame0; LENOVO2020\1; GUI;
#120; 2023-12-14T09:52:30.930+06:00; WB.exit; LENOVO2020\1; WB;
#121; 2023-12-14T09:52:30.931+06:00; Logger.getEventEnd, eventGlobalEnd=2023-12-14T09:52:30.930+06:00; LENOVO2020\1; Logger;
#122; 2023-12-14T09:52:30.933+06:00; Logger.getEventEnd, durationGlobal=50511 ms; LENOVO2020\1; Logger;
Log detail
#1; 2023-12-14T09:51:39.767+06:00; WB.getAuthData, res=LENOVO2020\1; LENOVO2020\1, null; WB;
#5; 2023-12-14T09:51:40.437+06:00; Conn.getDbList, Conn.systemFact=[DatabaseGlobal.sqlite3, DatabaseTemplate.sqlite3]; LENOVO2020\1; Conn;
#6; 2023-12-14T09:51:40.437+06:00; Conn.getDbList, Conn.testDb=[]; LENOVO2020\1; Conn;
#7; 2023-12-14T09:51:40.437+06:00; Conn.getDbList, Conn.exampleDb=[]; LENOVO2020\1; Conn;
#8; 2023-12-14T09:51:40.439+06:00; Conn.setLast, WB.lastConn=MyBase1.sqlite3; LENOVO2020\1; Conn;
#9; 2023-12-14T09:51:40.560+06:00; Conn.setLast, WB.abcLast={basic.size=964, catalog.size=346, template.size=21}, WB.lastConn=jdbc:sqlite:MyBase1.sqlite3; LENOVO2020\1; Conn;
#10; 2023-12-14T09:51:40.576+06:00; WB.hasFile, res=true; LENOVO2020\1; WB;
#11; 2023-12-14T09:51:40.576+06:00; WB.isDev, res=true; LENOVO2020\1; WB;
#12; 2023-12-14T09:51:40.597+06:00; Etc.test.test.getOffsetDateTime, res=2023-11-24T06:46:16.907+06:00, testArg1=2023-11-24T06:46:16.907+06:00; LENOVO2020\1; Etc;
#13; 2023-12-14T09:51:40.598+06:00; Etc.test.test.getOffsetDateTime, res=null, testArg1=2023-11-08 02:15:09; LENOVO2020\1; Etc;
#14; 2023-12-14T09:51:40.598+06:00; Etc.test.test.getOffsetDateTime, res=null, testArg1=06:46:16.907+06:00; LENOVO2020\1; Etc;
#15; 2023-12-14T09:51:40.598+06:00; Etc.test.test.getOffsetDateTime, res=null, testArg1=2019-01-01; LENOVO2020\1; Etc;
#16; 2023-12-14T09:51:40.598+06:00; Etc.test.test.getOffsetDateTime, res=null, testArg1=test1; LENOVO2020\1; Etc;
#17; 2023-12-14T09:51:40.598+06:00; Etc.test.test.getOffsetDateTime, res=null, testArg1=12.45; LENOVO2020\1; Etc;
#18; 2023-12-14T09:51:40.598+06:00; Etc.test.test.getOffsetDateTime, res=null, testArg1=null; LENOVO2020\1; Etc;
#19; 2023-12-14T09:51:40.600+06:00; Etc.test.getLocalDate, res=2023-12-14, testArg1=2023-11-24T06:46:16.907+06:00; LENOVO2020\1; Etc;
#20; 2023-12-14T09:51:40.600+06:00; Etc.test.getLocalDate, res=2023-12-14, testArg1=2023-11-08 02:15:09; LENOVO2020\1; Etc;
#21; 2023-12-14T09:51:40.600+06:00; Etc.test.getLocalDate, res=2023-12-14, testArg1=06:46:16.907+06:00; LENOVO2020\1; Etc;
#22; 2023-12-14T09:51:40.600+06:00; Etc.test.getLocalDate, res=2020-01-01, testArg1=2019-01-01; LENOVO2020\1; Etc;
#23; 2023-12-14T09:51:40.601+06:00; Etc.test.getLocalDate, res=2020-01-01, testArg1=1991-01-01; LENOVO2020\1; Etc;
#24; 2023-12-14T09:51:40.601+06:00; Etc.test.getLocalDate, res=2023-12-14, testArg1=test1; LENOVO2020\1; Etc;
#25; 2023-12-14T09:51:40.601+06:00; Etc.test.getLocalDate, res=2023-12-14, testArg1=12.45; LENOVO2020\1; Etc;
#26; 2023-12-14T09:51:40.601+06:00; Etc.test.getLocalDate, res=2023-12-14, testArg1=null; LENOVO2020\1; Etc;
#27; 2023-12-14T09:51:40.602+06:00; Etc.test.getLocalTime, res=null, testArg1=2023-11-24T06:46:16.907+06:00; LENOVO2020\1; Etc;
#28; 2023-12-14T09:51:40.602+06:00; Etc.test.getLocalTime, res=null, testArg1=2023-11-08 02:15:09; LENOVO2020\1; Etc;
#29; 2023-12-14T09:51:40.602+06:00; Etc.test.getLocalTime, res=null, testArg1=06:46:16.907+06:00; LENOVO2020\1; Etc;
#30; 2023-12-14T09:51:40.603+06:00; Etc.test.getLocalTime, res=06:46:16.907, testArg1=06:46:16.907; LENOVO2020\1; Etc;
#31; 2023-12-14T09:51:40.603+06:00; Etc.test.getLocalTime, res=null, testArg1=2019-01-01; LENOVO2020\1; Etc;
#32; 2023-12-14T09:51:40.603+06:00; Etc.test.getLocalTime, res=null, testArg1=test1; LENOVO2020\1; Etc;
#33; 2023-12-14T09:51:40.603+06:00; Etc.test.getLocalTime, res=null, testArg1=12.45; LENOVO2020\1; Etc;
#34; 2023-12-14T09:51:40.603+06:00; Etc.test.getLocalTime, res=null, testArg1=null; LENOVO2020\1; Etc;
#35; 2023-12-14T09:51:40.605+06:00; Etc.test.fixString, res=test1, testArg1=test1; LENOVO2020\1; Etc;
#36; 2023-12-14T09:51:40.608+06:00; Etc.test.fixString, res=12.45, testArg1=12.45; LENOVO2020\1; Etc;
#37; 2023-12-14T09:51:40.609+06:00; Etc.test.fixString, res={}, testArg1={}; LENOVO2020\1; Etc;
#38; 2023-12-14T09:51:40.609+06:00; Etc.test.fixString, res=, testArg1=null; LENOVO2020\1; Etc;
#39; 2023-12-14T09:51:40.623+06:00; Etc.test.strEqual, res=true, testArg1=test1, str2=test1; LENOVO2020\1; Etc;
#40; 2023-12-14T09:51:40.623+06:00; Etc.test.strEqual, res=true, testArg1=test1 , str2=test1; LENOVO2020\1; Etc;
#41; 2023-12-14T09:51:40.623+06:00; Etc.test.strEqual, res=true, testArg1= tEst1, str2=test1; LENOVO2020\1; Etc;
#42; 2023-12-14T09:51:40.623+06:00; Etc.test.strEqual, res=true, testArg1=TEST1, str2=test1; LENOVO2020\1; Etc;
#43; 2023-12-14T09:51:40.623+06:00; Etc.test.strEqual, res=false, testArg1=test22, str2=test1; LENOVO2020\1; Etc;
#44; 2023-12-14T09:51:40.627+06:00; Etc.test.ratio100, res=1.0, testArg1=100.0; LENOVO2020\1; Etc;
#45; 2023-12-14T09:51:40.627+06:00; Etc.test.ratio100, res=0.6743, testArg1=67.43; LENOVO2020\1; Etc;
#46; 2023-12-14T09:51:40.627+06:00; Etc.test.ratio100, res=0.0, testArg1=0.0; LENOVO2020\1; Etc;
#47; 2023-12-14T09:51:40.628+06:00; Etc.test.ratio100, res=0.2356, testArg1=23.56452; LENOVO2020\1; Etc;
#48; 2023-12-14T09:51:40.628+06:00; Etc.test.ratio100, res=0.12, testArg1=12.0; LENOVO2020\1; Etc;
#49; 2023-12-14T09:51:40.629+06:00; Etc.test.ratio100, res=2.3465, testArg1=234.65432; LENOVO2020\1; Etc;
#50; 2023-12-14T09:51:40.642+06:00; Etc.test.roundCustom, res=100.0, testArg1=100.0, numberFractionalDigit=2; LENOVO2020\1; Etc;
#51; 2023-12-14T09:51:40.642+06:00; Etc.test.roundCustom, res=57.44, testArg1=57.4363, numberFractionalDigit=2; LENOVO2020\1; Etc;
#52; 2023-12-14T09:51:40.642+06:00; Etc.test.roundCustom, res=43.01, testArg1=43.0078, numberFractionalDigit=2; LENOVO2020\1; Etc;
#53; 2023-12-14T09:51:40.642+06:00; Etc.test.roundCustom, res=21.21, testArg1=21.212, numberFractionalDigit=2; LENOVO2020\1; Etc;
#54; 2023-12-14T09:51:40.642+06:00; Etc.test.roundCustom, res=34.78, testArg1=34.7845, numberFractionalDigit=2; LENOVO2020\1; Etc;
#55; 2023-12-14T09:51:40.642+06:00; Etc.test.roundCustom, res=100.0, testArg1=100.0, numberFractionalDigit=0; LENOVO2020\1; Etc;
#56; 2023-12-14T09:51:40.643+06:00; Etc.test.roundCustom, res=57.0, testArg1=57.4363, numberFractionalDigit=0; LENOVO2020\1; Etc;
#57; 2023-12-14T09:51:40.643+06:00; Etc.test.roundCustom, res=43.0, testArg1=43.0078, numberFractionalDigit=0; LENOVO2020\1; Etc;
#58; 2023-12-14T09:51:40.643+06:00; Etc.test.roundCustom, res=21.0, testArg1=21.212, numberFractionalDigit=0; LENOVO2020\1; Etc;
#59; 2023-12-14T09:51:40.643+06:00; Etc.test.roundCustom, res=35.0, testArg1=34.7845, numberFractionalDigit=0; LENOVO2020\1; Etc;
#60; 2023-12-14T09:51:40.643+06:00; Etc.test.fixLocalDate, res=2026-04-28, testArg1=2026-04-28; LENOVO2020\1; Etc;
#61; 2023-12-14T09:51:40.643+06:00; Etc.test.fixLocalDate, res=2020-01-01, testArg1=1967-11-25; LENOVO2020\1; Etc;
#62; 2023-12-14T09:51:40.643+06:00; Etc.test.fixLocalDate, res=2060-12-31, testArg1=2100-05-26; LENOVO2020\1; Etc;
#63; 2023-12-14T09:51:40.644+06:00; Etc.test.fixTrim, res=test1, testArg1=test1; LENOVO2020\1; Etc;
#64; 2023-12-14T09:51:40.644+06:00; Etc.test.fixTrim, res=test2, testArg1=test2 ; LENOVO2020\1; Etc;
#65; 2023-12-14T09:51:40.644+06:00; Etc.test.fixTrim, res=test3, testArg1= test3; LENOVO2020\1; Etc;
#66; 2023-12-14T09:51:40.644+06:00; Etc.test.fixTrim, res=test4, testArg1= test4 ; LENOVO2020\1; Etc;
#67; 2023-12-14T09:51:40.644+06:00; Etc.test.setZeroOnNeg, res=1.25, testArg1=1.25; LENOVO2020\1; Etc;
#68; 2023-12-14T09:51:40.645+06:00; Etc.test.setZeroOnNeg, res=0.0, testArg1=-41.2556; LENOVO2020\1; Etc;
#69; 2023-12-14T09:51:40.645+06:00; Etc.test.setZeroOnNeg, res=0.0, testArg1=0.0; LENOVO2020\1; Etc;
#70; 2023-12-14T09:51:40.645+06:00; Etc.test.setZeroOnNeg, res=2.0E-4, testArg1=2.0E-4; LENOVO2020\1; Etc;
#71; 2023-12-14T09:51:40.645+06:00; Etc.test.setZeroOnNeg, res=0.0, testArg1=-2.0E-4; LENOVO2020\1; Etc;
#72; 2023-12-14T09:51:40.645+06:00; Etc.test.setZeroOnNeg, res=64.1278, testArg1=64.1278; LENOVO2020\1; Etc;
#77; 2023-12-14T09:51:40.656+06:00; Debt.test.getSumTax, res=12.0, baseTax=100.0, RateTax=12.0; LENOVO2020\1; Debt;
#78; 2023-12-14T09:51:40.656+06:00; Debt.test.getOutVAT as reverse check for getSumTax, res=12.0, baseTax=100.0, RateTax=12.0; LENOVO2020\1; Debt;
#79; 2023-12-14T09:51:40.657+06:00; Debt.test.getSumTax, res=68.09, baseTax=567.43, RateTax=12.0; LENOVO2020\1; Debt;
#80; 2023-12-14T09:51:40.658+06:00; Debt.test.getOutVAT as reverse check for getSumTax, res=68.09, baseTax=567.43, RateTax=12.0; LENOVO2020\1; Debt;
#81; 2023-12-14T09:51:40.659+06:00; Debt.test.getSumTax, res=0.0, baseTax=0.0, RateTax=12.0; LENOVO2020\1; Debt;
#82; 2023-12-14T09:51:40.659+06:00; Debt.test.getOutVAT as reverse check for getSumTax, res=0.0, baseTax=0.0, RateTax=12.0; LENOVO2020\1; Debt;
#83; 2023-12-14T09:51:40.660+06:00; Debt.test.getSumTax, res=38.83, baseTax=323.56452, RateTax=12.0; LENOVO2020\1; Debt;
#84; 2023-12-14T09:51:40.660+06:00; Debt.test.getOutVAT as reverse check for getSumTax, res=38.83, baseTax=323.56452, RateTax=12.0; LENOVO2020\1; Debt;
#85; 2023-12-14T09:51:40.661+06:00; Debt.test.getRateVAT, res=12.0; LENOVO2020\1; Debt;
#86; 2023-12-14T09:51:40.664+06:00; Debt.test.subtractInVAT, res=100.0, sumWithVAT=112.0, rateVAT=12.0; LENOVO2020\1; Debt;
#87; 2023-12-14T09:51:40.665+06:00; Debt.test.addOutVAT as reverse check for subtractInVAT, res=112.0, sumLessVAT=100.0, rateVAT=12.0; LENOVO2020\1; Debt;
#88; 2023-12-14T09:51:40.665+06:00; Debt.test.subtractInVAT, res=506.86, sumWithVAT=567.68, rateVAT=12.0; LENOVO2020\1; Debt;
#89; 2023-12-14T09:51:40.665+06:00; Debt.test.addOutVAT as reverse check for subtractInVAT, res=567.68, sumLessVAT=506.86, rateVAT=12.0; LENOVO2020\1; Debt;
#90; 2023-12-14T09:51:40.665+06:00; Debt.test.subtractInVAT, res=0.0, sumWithVAT=0.0, rateVAT=12.0; LENOVO2020\1; Debt;
#91; 2023-12-14T09:51:40.665+06:00; Debt.test.addOutVAT as reverse check for subtractInVAT, res=0.0, sumLessVAT=0.0, rateVAT=12.0; LENOVO2020\1; Debt;
#92; 2023-12-14T09:51:40.665+06:00; Debt.test.subtractInVAT, res=306.12, sumWithVAT=342.8456, rateVAT=12.0; LENOVO2020\1; Debt;
#93; 2023-12-14T09:51:40.665+06:00; Debt.test.addOutVAT as reverse check for subtractInVAT, res=342.85, sumLessVAT=306.12, rateVAT=12.0; LENOVO2020\1; Debt;
#94; 2023-12-14T09:51:40.667+06:00; Debt.test.addOutVAT, res=112.0, sumLessVAT=100.0, rateVAT=12.0; LENOVO2020\1; Debt;
#95; 2023-12-14T09:51:40.668+06:00; Debt.test.addOutVAT, res=635.52, sumLessVAT=567.43, rateVAT=12.0; LENOVO2020\1; Debt;
#96; 2023-12-14T09:51:40.668+06:00; Debt.test.addOutVAT, res=0.0, sumLessVAT=0.0, rateVAT=12.0; LENOVO2020\1; Debt;
#97; 2023-12-14T09:51:40.668+06:00; Debt.test.addOutVAT, res=362.39, sumLessVAT=323.56452, rateVAT=12.0; LENOVO2020\1; Debt;
#98; 2023-12-14T09:51:40.668+06:00; Debt.test.getOutVAT, res=12.0, sumLessVAT=100.0, rateVAT=12.0; LENOVO2020\1; Debt;
#99; 2023-12-14T09:51:40.668+06:00; Debt.test.getOutVAT, res=68.09, sumLessVAT=567.43, rateVAT=12.0; LENOVO2020\1; Debt;
#100; 2023-12-14T09:51:40.668+06:00; Debt.test.getOutVAT, res=0.0, sumLessVAT=0.0, rateVAT=12.0; LENOVO2020\1; Debt;
#101; 2023-12-14T09:51:40.668+06:00; Debt.test.getOutVAT, res=38.83, sumLessVAT=323.56452, rateVAT=12.0; LENOVO2020\1; Debt;
#102; 2023-12-14T09:51:40.670+06:00; Debt.test.addInVAT, res=12.0, sumWithVAT=112.0, rateVAT=12.0; LENOVO2020\1; Debt;
#103; 2023-12-14T09:51:40.670+06:00; Debt.test.addInVAT, res=60.82, sumWithVAT=567.68, rateVAT=12.0; LENOVO2020\1; Debt;
#104; 2023-12-14T09:51:40.670+06:00; Debt.test.addInVAT, res=0.0, sumWithVAT=0.0, rateVAT=12.0; LENOVO2020\1; Debt;
#105; 2023-12-14T09:51:40.670+06:00; Debt.test.addInVAT, res=36.73, sumWithVAT=342.8456, rateVAT=12.0; LENOVO2020\1; Debt;

***********************************************************************
