#1; 2024-09-04T07:04:55.2406; WB.static ctor block init, WB.abcGlobal={basic=149, template=12, update=15, sectoral=3, sectoralPawnshop=3, debt=46, publicHoliday=18, extraDayOff=6, accountMatching=59, accountTableClosing=4, }; block2024\User; WB;
#2; 2024-09-04T07:04:55.2636; WB.static ctor block init, WB.abcTemplate={basic=1007, root=16, table=2, catalog=60, codePay=3, template=11, update=5, sectoral=9, sectoralPawnshop=9, listVal=2, rule=5, infoBaseId=1, debt=99, }; block2024\User; WB;
#3; 2024-09-04T07:04:55.2646; WB.getGlobalStart, eventGlobalStart=2024-09-04T07:04:55.2636; block2024\User; WB;
#6; 2024-09-04T07:04:55.5617; WB.getLocalEnd, durationLocal=283 ms, Conn.getLast, WB.abcLast={basic=1202, table=2, catalog=60, codePay=3, update=9, sectoral=3, sectoralPawnshop=3, infoBaseId=1, debt=106, }; block2024\User; WB;
#7; 2024-09-04T07:04:55.6067; Conn.readDatabaseLocal, finally localPath=E:\WorkbookBasic\WB\local\DatabaseLocal_2024_01_10T09_51_53.338_.sqlite3, finally WB.abcLocal={basic=19, sourceExtFile=6, registerOrg=2, workOutside=4, collector=1, idGen=5, userManualLocal=1, }; block2024\User; Conn;
#12; 2024-09-04T07:04:55.6077; WB.init, end; block2024\User; WB;
#47; 2024-09-04T07:04:56.2757; GUI.getFrameBasic, frame.getName=frame0; block2024\User; GUI;
#48; 2024-09-04T07:04:56.2757; WB.getLocalEnd, durationLocal=1012 ms, WB.main, end ; block2024\User; WB;
#50; 2024-09-04T07:04:59.5199; WB.getEventEnd, eventGlobalEnd=2024-09-04T07:04:59.5189; block2024\User; WB;
#51; 2024-09-04T07:04:59.5199; WB.getEventEnd, durationGlobal=4255 ms; block2024\User; WB;
Log detail
#4; 2024-09-04T07:04:55.2756; Conn.getDbList, Conn.work=[E:\WorkbookBasic\WB\CentralBase1.sqlite3]; block2024\User; Conn;
#5; 2024-09-04T07:04:55.2766; Conn.getDbList, Conn.systemFact=[E:\WorkbookBasic\WB\DatabaseGlobal.sqlite3, E:\WorkbookBasic\WB\DatabaseTemplate.sqlite3]; block2024\User; Conn;
#8; 2024-09-04T07:04:55.6077; WB.init, java.version=21.0.1; block2024\User; WB;
#9; 2024-09-04T07:04:55.6077; WB.init, java.home=C:\openjdk\jdk-21.0.1; block2024\User; WB;
#10; 2024-09-04T07:04:55.6077; WB.init, java.class.path=E:\WorkbookBasic\WB\bin; block2024\User; WB;
#11; 2024-09-04T07:04:55.6077; WB.init, os.name=Windows 7; block2024\User; WB;
#13; 2024-09-04T07:04:55.6077; WB.init, end; block2024\User; WB;
#14; 2024-09-04T07:04:55.6137; Asset.test.getId(), res=[CB1][2024-09-04T07:04:55][#26433]; block2024\User; Asset;
#15; 2024-09-04T07:04:55.6137; Asset.test end ; block2024\User; Asset;
#16; 2024-09-04T07:04:55.6147; Deal.getId(), res=[CB1][2024-09-04T07:04:55][#56051]; block2024\User; Face;
#17; 2024-09-04T07:04:55.6257; Deal.getId('', ''), res=1; block2024\User; Face;
#18; 2024-09-04T07:04:55.6277; Deal.getId('DealId', ''), res=10; block2024\User; Deal;
#19; 2024-09-04T07:04:55.6307; Deal.getId('DealId', 'idStringGrowingDigitalInfobase'), res=[CB1]+++++++10; block2024\User; Deal;
#20; 2024-09-04T07:04:55.6317; Deal.getId('DealId', 'idStringGrowingDigitalGlobal'), res=+++++++10; block2024\User; Deal;
#21; 2024-09-04T07:04:55.6337; Deal.getId('DealId', 'idIntegerGrowingDigitalGlobal'), res=10; block2024\User; Deal;
#22; 2024-09-04T07:04:55.6357; Deal.getId('PawnId', ''), res=1; block2024\User; Deal;
#23; 2024-09-04T07:04:55.6367; Deal.getId('PawnId', 'idStringGrowingDigitalInfobase'), res=[CB1]00001; block2024\User; Deal;
#24; 2024-09-04T07:04:55.6387; Deal.getId('PawnId', 'idStringGrowingDigitalGlobal'), res=00001; block2024\User; Deal;
#25; 2024-09-04T07:04:55.6407; Deal.getId('PawnId', 'idIntegerGrowingDigitalGlobal'), res=1; block2024\User; Deal;
#26; 2024-09-04T07:04:55.6407; Deal.test end ; block2024\User; Deal;
#27; 2024-09-04T07:04:55.6417; Face.getId(), res=[CB1][2024-09-04T07:04:55][#34358]; block2024\User; Face;
#28; 2024-09-04T07:04:55.6597; Face.getId('', ''), res=1; block2024\User; Face;
#29; 2024-09-04T07:04:55.7287; Face.getId('EmpId', ''), res=4; block2024\User; Face;
#30; 2024-09-04T07:04:55.7897; Face.getId('EmpId', 'idStringGrowingDigitalInfobase'), res=[CB1]004; block2024\User; Deal;
#31; 2024-09-04T07:04:55.8517; Face.getId('EmpId', 'idStringGrowingDigitalGlobal'), res=004; block2024\User; Face;
#32; 2024-09-04T07:04:55.9147; Face.getId('EmpId', 'idIntegerGrowingDigitalGlobal'), res=4; block2024\User; Face;
#33; 2024-09-04T07:04:55.9727; Face.getId('FaceId', ''), res=1; block2024\User; Face;
#34; 2024-09-04T07:04:56.0307; Face.getId('FaceId', 'idStringGrowingDigitalInfobase'), res=[CB1]00001; block2024\User; Deal;
#35; 2024-09-04T07:04:56.0877; Face.getId('FaceId', 'idStringGrowingDigitalGlobal'), res=00001; block2024\User; Face;
#36; 2024-09-04T07:04:56.1447; Face.getId('FaceId', 'idIntegerGrowingDigitalGlobal'), res=1; block2024\User; Face;
#37; 2024-09-04T07:04:56.1447; Face.test end ; block2024\User; Face;
#38; 2024-09-04T07:04:56.1457; ListVal.test.Formatter.listVal, res=375, 583, 585, 850, 875, 925, 958, 960, 999, , arg=375:583:585:850:875:925:958:960:999, context=Info.Code.GoldContent; block2024\User; ListVal;
#39; 2024-09-04T07:04:56.1467; ListVal.test.Formatter.listVal, res=новое, б\у, лом, , arg=новое:б\у:лом, context=Info.Code.ProductCondition; block2024\User; ListVal;
#40; 2024-09-04T07:04:56.1467; ListVal.test end ; block2024\User; ListVal;
#41; 2024-09-04T07:04:56.1477; CompositeVal.test.Formatter.listVal, res=67, 15, , testArg1=67 / 15; block2024\User; CompositeVal;
#42; 2024-09-04T07:04:56.1477; CompositeVal.test.Formatter.listVal, res=45, 56, , testArg1=45/56; block2024\User; CompositeVal;
#43; 2024-09-04T07:04:56.1477; CompositeVal.test.Formatter.listVal, res=89, 23, , testArg1=89 /23; block2024\User; CompositeVal;
#44; 2024-09-04T07:04:56.1477; CompositeVal.test.Formatter.listVal, res=95, 73, , testArg1=95/ 73; block2024\User; CompositeVal;
#45; 2024-09-04T07:04:56.1477; CompositeVal.test.Formatter.listVal, res=11, 99, , testArg1=11   /     99; block2024\User; CompositeVal;
#46; 2024-09-04T07:04:56.1477; CompositeVal.test end ; block2024\User; CompositeVal;
#49; 2024-09-04T07:04:59.5189; Command.exit; block2024\User; Command;

