#1| 2025-08-24T08:17:06.6339| WB.static ctor block init, WB.abcGlobal={basic=144, update=23, sectoral=4, sectoralPawnshop=4, debt=54, publicHoliday=18, extraDayOff=7, accountMatching=59, accountClosing=4, }| BLOCK2024\User| WB| 
#2| 2025-08-24T08:17:06.6439| WB.static ctor block init, WB.abcTemplate={basic=1046, catalog=72, codePay=3, update=9, sectoral=63, sectoralPawnshop=58, listVal=4, custom=2, debt=101, }| BLOCK2024\User| WB| 
#3| 2025-08-24T08:17:06.6439| WB.getGlobalStart, eventGlobalStart=2025-08-24T08:17:06.6439| BLOCK2024\User| WB| 
#7| 2025-08-24T08:17:06.8089| Conn.readDatabaseLocal, finally localPath=D:\WorkbookBasic\WB\local\DatabaseLocal.sqlite3, finally WB.abcLocal={basic=17, sourceExtFile=4, workOutside=4, idGen=5, userManualLocal=1, }| BLOCK2024\User| Conn| 
#12| 2025-08-24T08:17:06.8099| WB.init, end| BLOCK2024\User| WB| 
#38| 2025-08-24T08:17:08.4870| GUI.getFrameBasic():JFrame, frame.getName=frame0| BLOCK2024\User| GUI| 
#41| 2025-08-24T08:17:11.3862| WB.getEventEnd, eventGlobalEnd=2025-08-24T08:17:11.3862| BLOCK2024\User| WB| 
#42| 2025-08-24T08:17:11.3872| WB.getEventEnd, durationGlobal=4742 ms| BLOCK2024\User| WB| 
Log detail
#4| 2025-08-24T08:17:06.6519| Conn.getDbList, Conn.work=[D:\WorkbookBasic\WB\MyWorkBase1.sqlite3]| BLOCK2024\User| Conn| 
#5| 2025-08-24T08:17:06.6519| Conn.getDbList, Conn.systemFact=[D:\WorkbookBasic\WB\DatabaseGlobal.sqlite3, D:\WorkbookBasic\WB\DatabaseTemplate.sqlite3]| BLOCK2024\User| Conn| 
#6| 2025-08-24T08:17:06.7629| WB.getLocalEnd, durationLocal=105 ms, Conn.getLast, WB.abcLast={basic=1052, catalog=76, codePay=3, update=9, sectoral=68, sectoralPawnshop=63, listVal=4, custom=2, debt=101, }| BLOCK2024\User| WB| 
#8| 2025-08-24T08:17:06.8099| WB.init, java.version=21.0.1| BLOCK2024\User| WB| 
#9| 2025-08-24T08:17:06.8099| WB.init, java.home=C:\openjdk\jdk-21.0.1| BLOCK2024\User| WB| 
#10| 2025-08-24T08:17:06.8099| WB.init, java.class.path=D:\WorkbookBasic\WB\bin;D:\WorkbookBasic\WB\sqlite-jdbc-3.40.0.0.jar| BLOCK2024\User| WB| 
#11| 2025-08-24T08:17:06.8099| WB.init, os.name=Windows 7| BLOCK2024\User| WB| 
#13| 2025-08-24T08:17:06.8099| WB.init, end| BLOCK2024\User| WB| 
#14| 2025-08-24T08:17:07.4950| Pawn.test.getTotal(List<Pawn>):UnitVal| BLOCK2024\User| Pawn| 
#15| 2025-08-24T08:17:07.7410| Pawn.test.getTotal(List<Pawn>):UnitVal>, res.size=4| BLOCK2024\User| Pawn| 
#16| 2025-08-24T08:17:08.0700| Pawn.test.getTotal(List<Pawn>):Pawn>, res={src   table Deal  weightGross  7.0 Unit.Gr, гр  weightNetto  6.8 Unit.Gr, гр  estimatedValue  1.802E7 Unit.KZT, KZT  partMainDebt  1.50166E7 Unit.KZT, KZT  isExist false  isValid true  }| BLOCK2024\User| Pawn| 
#17| 2025-08-24T08:17:08.0700| Pawn.test.getPawnId():String| BLOCK2024\User| Pawn| 
#18| 2025-08-24T08:17:08.0760| Pawn.test.getPawnId():String, res=00001| BLOCK2024\User| Pawn| 
#19| 2025-08-24T08:17:08.0800| SPL.test.ctor(String)| BLOCK2024\User| SPL| 
#20| 2025-08-24T08:17:08.0820| SPL.test.ctor(String)=context amount  src 0.13  partFractional 13  | BLOCK2024\User| SPL| 
#21| 2025-08-24T08:17:08.0820| SPL.test.ctor(String)=context amount  src 7  partWhole 7  | BLOCK2024\User| SPL| 
#22| 2025-08-24T08:17:08.0830| SPL.test.ctor(String)=context amount  src 16  partWhole 16  | BLOCK2024\User| SPL| 
#23| 2025-08-24T08:17:08.0830| SPL.test.ctor(String)=context amount  src 93  partWhole 93  | BLOCK2024\User| SPL| 
#24| 2025-08-24T08:17:08.0830| SPL.test.ctor(String)=context amount  src 713  partWhole 713  | BLOCK2024\User| SPL| 
#25| 2025-08-24T08:17:08.0840| SPL.test.ctor(String)=context amount  src 7894.1356  partWhole 7894  partFractional 1356  | BLOCK2024\User| SPL| 
#26| 2025-08-24T08:17:08.0840| SPL.test.ctor(String)=context amount  src 564.13  partWhole 564  partFractional 13  | BLOCK2024\User| SPL| 
#27| 2025-08-24T08:17:08.0850| SPL.test.ctor(String)=context amount  src 7155674.89  partWhole 7155674  partFractional 89  | BLOCK2024\User| SPL| 
#28| 2025-08-24T08:17:08.0860| SPL.test.ctor(String)=context amount  src 109090965  partWhole 109090965  | BLOCK2024\User| SPL| 
#29| 2025-08-24T08:17:08.0870| SPL.test.ctor(String)=context amount  src 4578109090965  partWhole 4578109090965  | BLOCK2024\User| SPL| 
#30| 2025-08-24T08:17:08.0870| SPL.test.ctor(String)=context amount  src 03  partWhole 3  | BLOCK2024\User| SPL| 
#31| 2025-08-24T08:17:08.0880| SPL.test.ctor(String)=context amount  src 5100  partWhole 5100  | BLOCK2024\User| SPL| 
#32| 2025-08-24T08:17:08.1100| PawnBalance.test.ctor(String,String)| BLOCK2024\User| PawnBalance| 
#33| 2025-08-24T08:17:08.1140| PawnBalance.test.ctor(String,String).val.size=0, date=2024-06-18| BLOCK2024\User| PawnBalance| 
#34| 2025-08-24T08:17:08.2630| PawnBalance.test.ctor(String,String).val.size=0, date=2025-01-01| BLOCK2024\User| PawnBalance| 
#35| 2025-08-24T08:17:08.3860| PawnBalance.test.ctor(String,String).val.size=0, date=2025-01-15| BLOCK2024\User| PawnBalance| 
#36| 2025-08-24T08:17:08.4720| PawnBalance.test.ctor(String,String).val.size=0, date=2025-01-31| BLOCK2024\User| PawnBalance| 
#37| 2025-08-24T08:17:08.4740| PawnBalance.test.ctor(String,String).val.size=0, date=2025-02-01| BLOCK2024\User| PawnBalance| 
#39| 2025-08-24T08:17:08.4870| WB.getLocalEnd, durationLocal=1843 ms, WB.main, end | BLOCK2024\User| WB| 
#40| 2025-08-24T08:17:11.3862| Command.exit| BLOCK2024\User| Command| 

