#1; 2024-11-10T09:52:02.4919; WB.static ctor block init, WB.abcGlobal={basic=149, template=12, update=15, sectoral=3, sectoralPawnshop=3, debt=46, publicHoliday=18, extraDayOff=6, unit=1, accountMatching=59, accountTableClosing=4, }; block2024\User; WB;
#2; 2024-11-10T09:52:02.5119; WB.static ctor block init, WB.abcTemplate={basic=1039, root=16, table=2, catalog=60, codePay=3, template=14, update=6, sectoral=32, sectoralPawnshop=32, listVal=3, rule=6, expectedValue=88, infoBaseId=1, debt=100, unit=61, meter=32, }; block2024\User; WB;
#3; 2024-11-10T09:52:02.5129; WB.getGlobalStart, eventGlobalStart=2024-11-10T09:52:02.5119; block2024\User; WB;
#6; 2024-11-10T09:52:02.7049; WB.getLocalEnd, durationLocal=166 ms, Conn.getLast, WB.abcLast={basic=1038, root=16, table=2, catalog=60, codePay=3, template=14, update=6, sectoral=32, sectoralPawnshop=32, listVal=3, rule=6, expectedValue=88, infoBaseId=1, debt=100, unit=61, meter=32, }; block2024\User; WB;
#7; 2024-11-10T09:52:02.7749; Conn.readDatabaseLocal, finally localPath=E:\WorkbookBasic\WB\local\DatabaseLocal_2024_01_10T09_51_53.338_.sqlite3, finally WB.abcLocal={basic=17, sourceExtFile=4, registerOrg=2, workOutside=4, collector=1, idGen=5, userManualLocal=1, }; block2024\User; Conn;
#12; 2024-11-10T09:52:02.7769; WB.init, end; block2024\User; WB;
#33; 2024-11-10T09:52:03.0299; Conv.getDouble, ex=For input string: "00Fkmaf"; block2024\User; Conv;
#34; 2024-11-10T09:52:03.0299; SPL.getDigit, ex=Cannot invoke "String.length()" because "str" is null; block2024\User; SPL;
#36; 2024-11-10T09:52:03.0709; GUI.getFrameBasic, frame.getName=frame0; block2024\User; GUI;
#37; 2024-11-10T09:52:03.0709; WB.getLocalEnd, durationLocal=559 ms, WB.main, end ; block2024\User; WB;
#39; 2024-11-10T09:52:07.3261; WB.getEventEnd, eventGlobalEnd=2024-11-10T09:52:07.3261; block2024\User; WB;
#40; 2024-11-10T09:52:07.3271; WB.getEventEnd, durationGlobal=4814 ms; block2024\User; WB;
Log detail
#4; 2024-11-10T09:52:02.5299; Conn.getDbList, Conn.work=[E:\WorkbookBasic\WB\MyWorkBase1.sqlite3]; block2024\User; Conn;
#5; 2024-11-10T09:52:02.5299; Conn.getDbList, Conn.systemFact=[E:\WorkbookBasic\WB\DatabaseGlobal.sqlite3, E:\WorkbookBasic\WB\DatabaseTemplate.sqlite3]; block2024\User; Conn;
#8; 2024-11-10T09:52:02.7759; WB.init, java.version=21.0.1; block2024\User; WB;
#9; 2024-11-10T09:52:02.7769; WB.init, java.home=C:\openjdk\jdk-21.0.1; block2024\User; WB;
#10; 2024-11-10T09:52:02.7769; WB.init, java.class.path=E:\WorkbookBasic\WB\bin; block2024\User; WB;
#11; 2024-11-10T09:52:02.7769; WB.init, os.name=Windows 7; block2024\User; WB;
#13; 2024-11-10T09:52:02.7769; WB.init, end; block2024\User; WB;
#14; 2024-11-10T09:52:02.8079; Deal.test.ctor(codeTemplate), dealTemplate1.template.size=4{Deal.Face.Pawnshop.Template1 выдача ломбардного кредита}{Deal.Face.Pawnshop.Template1.Pawn выдача ломбардного кредита.залог}{Deal.Face.Pawnshop.Template1.Term1 выдача ломбардного кредита.условия1}{Deal.Face.Pawnshop.Template1.Term2 выдача ломбардного кредита.условия2}, this.src.code=Deal.Face.Pawnshop.Template1; block2024\User; Deal;
#15; 2024-11-10T09:52:02.8289; Meter.test.ctor(String Id), meter1(Meter.Amount)={expectedValue=Meter.ExpectedDouble, table=Meter, id=Meter.Amount, parent=Meter, code=Meter.Amount, unit=Unit.CurrUnit, more=AbcBasic=Meter.Basic, AbcTemplate=Meter.Template, AbcExpectedValue=Meter.ExpectedDouble, ,}, isExist=true, isValid=true; block2024\User; Meter;
#16; 2024-11-10T09:52:02.8289; Meter.test.ctor(String Id), meter2(Meter.tralala)={expectedValue=ExpectedDouble, table=Meter, id=Meter.tralala, code=Meter.tralala,}, isExist=false, isValid=false; block2024\User; Meter;
#17; 2024-11-10T09:52:02.8329; Unit.test.ctor(String Id), unit1(Unit.Account)={expectedValue=Unit.ExpectedString, table=Unit, id=Unit.Account, parent=Unit.Piece, code=Unit.Account, role=Role.Generic.Variant, more=FullName=бухсчет, AbcBasic=Unit.Basic, AbcExpectedValue=Unit.ExpectedString, ,}, isExist=true, isValid=true; block2024\User; Unit;
#18; 2024-11-10T09:52:02.8349; Unit.test.ctor(String Id), unit2(Unit.tralala)={expectedValue=ExpectedDouble, table=Unit, id=Unit.tralala, code=Unit.tralala,}, isExist=false, isValid=false; block2024\User; Unit;
#19; 2024-11-10T09:52:02.9929; ListVal.test.ctor1, listVal1={strSplit=:, val=[375, 375eqv, 583, 583eqv, 585, 850, 875, 925, 958, 960, 999], src=375:375eqv:583:583eqv:585:850:875:925:958:960:999,}, abcKey=Info.Code.GoldContent; block2024\User; UnitVal;
#20; 2024-11-10T09:52:02.9939; ListVal.test.ctor2, listVal2={strSplit=:, val=[новое, б\у, лом], src=новое:б\у:лом,}, abcKey=Info.Code.ProductCondition; block2024\User; UnitVal;
#21; 2024-11-10T09:52:03.0129; SPL.test.ctor1, spl1={src=0.13, valDbl=0.13, decryptionWhole=тенге, partFractional=13, decryptionFractional=тиын, context=amount, numberWord=десять три  тенге тиын,}; block2024\User; SPL;
#22; 2024-11-10T09:52:03.0149; SPL.test.ctor1, spl1={src=7, valDbl=7.0, partWhole=7, decryptionWhole=тенге, decryptionFractional=тиын, context=amount, numberWord=семь  тенге тиын,}; block2024\User; SPL;
#23; 2024-11-10T09:52:03.0149; SPL.test.ctor1, spl1={src=16, valDbl=16.0, partWhole=16, decryptionWhole=тенге, decryptionFractional=тиын, context=amount, numberWord=десять шесть  тенге тиын,}; block2024\User; SPL;
#24; 2024-11-10T09:52:03.0159; SPL.test.ctor1, spl1={src=93, valDbl=93.0, partWhole=93, decryptionWhole=тенге, decryptionFractional=тиын, context=amount, numberWord=девяносто три  тенге тиын,}; block2024\User; SPL;
#25; 2024-11-10T09:52:03.0179; SPL.test.ctor1, spl1={src=713, valDbl=713.0, partWhole=713, decryptionWhole=тенге, decryptionFractional=тиын, context=amount, numberWord=семьсот десять три  тенге тиын,}; block2024\User; SPL;
#26; 2024-11-10T09:52:03.0199; SPL.test.ctor1, spl1={src=7894.1356, valDbl=7894.1356, partWhole=7894, decryptionWhole=тенге, partFractional=1356, decryptionFractional=тиын, context=amount, numberWord=десять три миллиона пятьсот шестьдесят семь тысяч восемьсот девяносто четыре  тенге тиын,}; block2024\User; SPL;
#27; 2024-11-10T09:52:03.0209; SPL.test.ctor1, spl1={src=564.13, valDbl=564.13, partWhole=564, decryptionWhole=тенге, partFractional=13, decryptionFractional=тиын, context=amount, numberWord=десять три тысячи пятьсот шестьдесят четыре  тенге тиын,}; block2024\User; SPL;
#28; 2024-11-10T09:52:03.0229; SPL.test.ctor1, spl1={src=7155674.89, valDbl=7155674.89, partWhole=7155674, decryptionWhole=тенге, partFractional=89, decryptionFractional=тиын, context=amount, numberWord=восемьсот девяносто семь миллионов сто пятьдесят пять тысяч шестьсот семьдесят четыре  тенге тиын,}; block2024\User; SPL;
#29; 2024-11-10T09:52:03.0249; SPL.test.ctor1, spl1={src=109090965, valDbl=1.09090965E8, partWhole=109090965, decryptionWhole=тенге, decryptionFractional=тиын, context=amount, numberWord=сто  девять миллионов  девяносто тысяч девятьсот шестьдесят пять  тенге тиын,}; block2024\User; SPL;
#30; 2024-11-10T09:52:03.0269; SPL.test.ctor1, spl1={src=4578109090965, valDbl=4.578109090965E12, partWhole=4578109090965, decryptionWhole=тенге, decryptionFractional=тиын, context=amount, numberWord=четыре триллиона пятьсот семьдесят восемь миллиардов сто  девять миллионов  девяносто тысяч девятьсот шестьдесят пять  тенге тиын,}; block2024\User; SPL;
#31; 2024-11-10T09:52:03.0279; SPL.test.ctor1, spl1={src=03, valDbl=3.0, partWhole=3, decryptionWhole=тенге, decryptionFractional=тиын, context=amount, numberWord=три  тенге тиын,}; block2024\User; SPL;
#32; 2024-11-10T09:52:03.0289; SPL.test.ctor1, spl1={src=5100, valDbl=5100.0, partWhole=5100, decryptionWhole=тенге, decryptionFractional=тиын, context=amount, numberWord=пять тысяч сто    тенге тиын,}; block2024\User; SPL;
#35; 2024-11-10T09:52:03.0309; SPL.test.ctor1, spl1={src=00Fkmaf, valStr=00Fkmaf, context=amount,}; block2024\User; SPL;
#38; 2024-11-10T09:52:07.3261; Command.exit; block2024\User; Command;

