#1; 2024-01-22T12:36:31.707+06:00; WB.static ctor block init, abcGlobal={this.basic=135, this.template=12, }; LENOVO2020\1; WB;
#2; 2024-01-22T12:36:31.722+06:00; WB.getGlobalStart, eventGlobalStart=2024-01-22T12:36:31.722+06:00; LENOVO2020\1; WB;
#3; 2024-01-22T12:36:31.738+06:00; Conn.getDbList, Conn.work=[MyWorkBase1.sqlite3]; LENOVO2020\1; Conn;
#10; 2024-01-22T12:36:31.984+06:00; Conn.getLocal, finally localPath=D:\WorkbookBasic\WB\local\DatabaseLocal_2024_01_10T09_51_53.338_.sqlite3, finally WB.abcLocal={this.local=10, this.sourceExtFile=4, this.workOutside=3, this.collector=1, this.registerOrg=2, }; LENOVO2020\1; Conn;
#68; 2024-01-22T12:36:32.328+06:00; GUI.getFrameBasic, frame.getName=frame0; LENOVO2020\1; GUI;
#70; 2024-01-22T12:36:40.826+06:00; WB.getEventEnd, eventGlobalEnd=2024-01-22T12:36:40.826+06:00; LENOVO2020\1; WB;
#71; 2024-01-22T12:36:40.834+06:00; WB.getEventEnd, durationGlobal=9104 ms; LENOVO2020\1; WB;
Log detail
#4; 2024-01-22T12:36:31.738+06:00; Conn.getDbList, Conn.systemFact=[DatabaseGlobal.sqlite3, DatabaseTemplate.sqlite3]; LENOVO2020\1; Conn;
#5; 2024-01-22T12:36:31.738+06:00; Conn.getDbList, Conn.testDb=null; LENOVO2020\1; Conn;
#6; 2024-01-22T12:36:31.738+06:00; Conn.getDbList, Conn.exampleDb=null; LENOVO2020\1; Conn;
#7; 2024-01-22T12:36:31.738+06:00; Conn.setLast, WB.lastConn=MyWorkBase1.sqlite3; LENOVO2020\1; Conn;
#8; 2024-01-22T12:36:31.918+06:00; Conn.setLast, WB.abcLast={this.basic=959, this.table=2, this.catalog=60, this.codePay=3, this.template=23, }, WB.lastConn=jdbc:sqlite:MyWorkBase1.sqlite3; LENOVO2020\1; Conn;
#9; 2024-01-22T12:36:31.983+06:00; Conn.setLocal, WB.abcLocal={this.local=10, this.sourceExtFile=4, this.workOutside=3, this.collector=1, this.registerOrg=2, }, localPath=D:\WorkbookBasic\WB\local\DatabaseLocal_2024_01_10T09_51_53.338_.sqlite3; LENOVO2020\1; Conn;
#11; 2024-01-22T12:36:32.003+06:00; DateCalendar.test.getSegment, res=-01-01, testArg1=2023-01-22, testArg2={code=PublicHoliday.NewYearDay, meter=Meter.PublicHoliday, }; LENOVO2020\1; Debt;
#12; 2024-01-22T12:36:32.004+06:00; DateCalendar.test.getSegment, res=-01-01, testArg1=2024-01-22, testArg2={code=PublicHoliday.NewYearDay, meter=Meter.PublicHoliday, }; LENOVO2020\1; Debt;
#13; 2024-01-22T12:36:32.004+06:00; DateCalendar.test.getSegment, res=-03-08, testArg1=2023-01-22, testArg2={code=PublicHoliday.InternationalWomenDay, meter=Meter.PublicHoliday, }; LENOVO2020\1; Debt;
#14; 2024-01-22T12:36:32.004+06:00; DateCalendar.test.getSegment, res=-03-08, testArg1=2024-01-22, testArg2={code=PublicHoliday.InternationalWomenDay, meter=Meter.PublicHoliday, }; LENOVO2020\1; Debt;
#15; 2024-01-22T12:36:32.005+06:00; DateCalendar.test.getSegment, res=-03-21, testArg1=2023-01-22, testArg2={code=PublicHoliday.NauryzMeiramy, meter=Meter.PublicHoliday, }; LENOVO2020\1; Debt;
#16; 2024-01-22T12:36:32.005+06:00; DateCalendar.test.getSegment, res=-03-23, testArg1=2024-01-22, testArg2={code=PublicHoliday.NauryzMeiramy, meter=Meter.PublicHoliday, }; LENOVO2020\1; Debt;
#17; 2024-01-22T12:36:32.006+06:00; DateCalendar.test.getSegment, res=-05-01, testArg1=2023-01-22, testArg2={code=PublicHoliday.UnityDay, meter=Meter.PublicHoliday, }; LENOVO2020\1; Debt;
#18; 2024-01-22T12:36:32.006+06:00; DateCalendar.test.getSegment, res=-05-01, testArg1=2024-01-22, testArg2={code=PublicHoliday.UnityDay, meter=Meter.PublicHoliday, }; LENOVO2020\1; Debt;
#19; 2024-01-22T12:36:32.006+06:00; DateCalendar.test.getSegment, res=-05-07, testArg1=2023-01-22, testArg2={code=PublicHoliday.DefenderFatherland Day, meter=Meter.PublicHoliday, }; LENOVO2020\1; Debt;
#20; 2024-01-22T12:36:32.012+06:00; DateCalendar.test.getSegment, res=-05-07, testArg1=2024-01-22, testArg2={code=PublicHoliday.DefenderFatherland Day, meter=Meter.PublicHoliday, }; LENOVO2020\1; Debt;
#21; 2024-01-22T12:36:32.012+06:00; DateCalendar.test.getSegment, res=-05-09, testArg1=2023-01-22, testArg2={code=PublicHoliday.VictoryDay, meter=Meter.PublicHoliday, }; LENOVO2020\1; Debt;
#22; 2024-01-22T12:36:32.012+06:00; DateCalendar.test.getSegment, res=-07-06, testArg1=2024-01-22, testArg2={code=PublicHoliday.VictoryDay, meter=Meter.PublicHoliday, }; LENOVO2020\1; Debt;
#23; 2024-01-22T12:36:32.013+06:00; DateCalendar.test.getSegment, res=-08-30, testArg1=2023-01-22, testArg2={code=PublicHoliday.ConstitutionDay, meter=Meter.PublicHoliday, }; LENOVO2020\1; Debt;
#24; 2024-01-22T12:36:32.013+06:00; DateCalendar.test.getSegment, res=-08-30, testArg1=2024-01-22, testArg2={code=PublicHoliday.ConstitutionDay, meter=Meter.PublicHoliday, }; LENOVO2020\1; Debt;
#25; 2024-01-22T12:36:32.013+06:00; DateCalendar.test.getSegment, res=-12-16, testArg1=2023-01-22, testArg2={code=PublicHoliday.IndependenceDay, meter=Meter.PublicHoliday, }; LENOVO2020\1; Debt;
#26; 2024-01-22T12:36:32.014+06:00; DateCalendar.test.getSegment, res=-12-16, testArg1=2024-01-22, testArg2={code=PublicHoliday.IndependenceDay, meter=Meter.PublicHoliday, }; LENOVO2020\1; Debt;
#27; 2024-01-22T12:36:32.014+06:00; DateCalendar.test.getSegment, res=-12-01, testArg1=2023-01-22, testArg2={code=PublicHoliday.FirstPresidentDay, meter=Meter.PublicHoliday, }; LENOVO2020\1; Debt;
#28; 2024-01-22T12:36:32.014+06:00; DateCalendar.test.getSegment, res=-12-01, testArg1=2024-01-22, testArg2={code=PublicHoliday.FirstPresidentDay, meter=Meter.PublicHoliday, }; LENOVO2020\1; Debt;
#29; 2024-01-22T12:36:32.014+06:00; DateCalendar.test.getSegment, res=-10-25, testArg1=2023-01-22, testArg2={code=PublicHoliday.RepublicDay, meter=Meter.PublicHoliday, }; LENOVO2020\1; Debt;
#30; 2024-01-22T12:36:32.015+06:00; DateCalendar.test.getSegment, res=-10-25, testArg1=2024-01-22, testArg2={code=PublicHoliday.RepublicDay, meter=Meter.PublicHoliday, }; LENOVO2020\1; Debt;
#31; 2024-01-22T12:36:32.015+06:00; DateCalendar.test.getSegment, res=-01-07, testArg1=2023-01-22, testArg2={code=ExtraDayOff.OrthodoxChristmasDay, meter=Meter.ExtraDayOff, }; LENOVO2020\1; Debt;
#32; 2024-01-22T12:36:32.015+06:00; DateCalendar.test.getSegment, res=-01-07, testArg1=2024-01-22, testArg2={code=ExtraDayOff.OrthodoxChristmasDay, meter=Meter.ExtraDayOff, }; LENOVO2020\1; Debt;
#33; 2024-01-22T12:36:32.016+06:00; DateCalendar.test.getSegment, res=2023-06-28, testArg1=2023-01-22, testArg2={code=ExtraDayOff.KurbanAit, meter=Meter.ExtraDayOff, }; LENOVO2020\1; Debt;
#34; 2024-01-22T12:36:32.016+06:00; DateCalendar.test.getSegment, res=2024-06-17, testArg1=2024-01-22, testArg2={code=ExtraDayOff.KurbanAit, meter=Meter.ExtraDayOff, }; LENOVO2020\1; Debt;
#35; 2024-01-22T12:36:32.024+06:00; DateCalendar.test.getOffsetDateTime, res=2023-11-24T06:46:16.907+06:00, testArg1=2023-11-24T06:46:16.907+06:00; LENOVO2020\1; DateCalendar;
#36; 2024-01-22T12:36:32.025+06:00; DateCalendar.test.getOffsetDateTime, res=null, testArg1=2023-11-08 02:15:09; LENOVO2020\1; DateCalendar;
#37; 2024-01-22T12:36:32.025+06:00; DateCalendar.test.getOffsetDateTime, res=null, testArg1=06:46:16.907+06:00; LENOVO2020\1; DateCalendar;
#38; 2024-01-22T12:36:32.025+06:00; DateCalendar.test.getOffsetDateTime, res=null, testArg1=2019-01-01; LENOVO2020\1; DateCalendar;
#39; 2024-01-22T12:36:32.025+06:00; DateCalendar.test.getOffsetDateTime, res=null, testArg1=test1; LENOVO2020\1; DateCalendar;
#40; 2024-01-22T12:36:32.025+06:00; DateCalendar.test.getOffsetDateTime, res=null, testArg1=12.45; LENOVO2020\1; DateCalendar;
#41; 2024-01-22T12:36:32.025+06:00; DateCalendar.test.getOffsetDateTime, res=null, testArg1=12:45; LENOVO2020\1; DateCalendar;
#42; 2024-01-22T12:36:32.025+06:00; DateCalendar.test.getOffsetDateTime, res=null, testArg1=12:45:38; LENOVO2020\1; DateCalendar;
#43; 2024-01-22T12:36:32.025+06:00; DateCalendar.test.getOffsetDateTime, res=null, testArg1=12:45:57.678; LENOVO2020\1; DateCalendar;
#44; 2024-01-22T12:36:32.025+06:00; DateCalendar.test.getOffsetDateTime, res=null, testArg1=null; LENOVO2020\1; DateCalendar;
#45; 2024-01-22T12:36:32.025+06:00; DateCalendar.test.getLocalDate, res=2024-01-22, testArg1=2023-11-24T06:46:16.907+06:00; LENOVO2020\1; DateCalendar;
#46; 2024-01-22T12:36:32.027+06:00; DateCalendar.test.getLocalDate, res=2024-01-22, testArg1=2023-11-08 02:15:09; LENOVO2020\1; DateCalendar;
#47; 2024-01-22T12:36:32.027+06:00; DateCalendar.test.getLocalDate, res=2024-01-22, testArg1=06:46:16.907+06:00; LENOVO2020\1; DateCalendar;
#48; 2024-01-22T12:36:32.027+06:00; DateCalendar.test.getLocalDate, res=2019-01-01, testArg1=2019-01-01; LENOVO2020\1; DateCalendar;
#49; 2024-01-22T12:36:32.027+06:00; DateCalendar.test.getLocalDate, res=2024-01-22, testArg1=test1; LENOVO2020\1; DateCalendar;
#50; 2024-01-22T12:36:32.027+06:00; DateCalendar.test.getLocalDate, res=2024-01-22, testArg1=12.45; LENOVO2020\1; DateCalendar;
#51; 2024-01-22T12:36:32.027+06:00; DateCalendar.test.getLocalDate, res=2024-01-22, testArg1=12:45; LENOVO2020\1; DateCalendar;
#52; 2024-01-22T12:36:32.027+06:00; DateCalendar.test.getLocalDate, res=2024-01-22, testArg1=12:45:38; LENOVO2020\1; DateCalendar;
#53; 2024-01-22T12:36:32.027+06:00; DateCalendar.test.getLocalDate, res=2024-01-22, testArg1=12:45:57.678; LENOVO2020\1; DateCalendar;
#54; 2024-01-22T12:36:32.028+06:00; DateCalendar.test.getLocalDate, res=2024-01-22, testArg1=null; LENOVO2020\1; DateCalendar;
#55; 2024-01-22T12:36:32.030+06:00; DateCalendar.test.getLocalTime, res=null, testArg1=2023-11-24T06:46:16.907+06:00; LENOVO2020\1; DateCalendar;
#56; 2024-01-22T12:36:32.030+06:00; DateCalendar.test.getLocalTime, res=null, testArg1=2023-11-08 02:15:09; LENOVO2020\1; DateCalendar;
#57; 2024-01-22T12:36:32.031+06:00; DateCalendar.test.getLocalTime, res=null, testArg1=06:46:16.907+06:00; LENOVO2020\1; DateCalendar;
#58; 2024-01-22T12:36:32.031+06:00; DateCalendar.test.getLocalTime, res=null, testArg1=2019-01-01; LENOVO2020\1; DateCalendar;
#59; 2024-01-22T12:36:32.031+06:00; DateCalendar.test.getLocalTime, res=null, testArg1=test1; LENOVO2020\1; DateCalendar;
#60; 2024-01-22T12:36:32.031+06:00; DateCalendar.test.getLocalTime, res=null, testArg1=12.45; LENOVO2020\1; DateCalendar;
#61; 2024-01-22T12:36:32.031+06:00; DateCalendar.test.getLocalTime, res=12:45, testArg1=12:45; LENOVO2020\1; DateCalendar;
#62; 2024-01-22T12:36:32.031+06:00; DateCalendar.test.getLocalTime, res=12:45:38, testArg1=12:45:38; LENOVO2020\1; DateCalendar;
#63; 2024-01-22T12:36:32.034+06:00; DateCalendar.test.getLocalTime, res=12:45:57.678, testArg1=12:45:57.678; LENOVO2020\1; DateCalendar;
#64; 2024-01-22T12:36:32.035+06:00; DateCalendar.test.getLocalTime, res=null, testArg1=null; LENOVO2020\1; DateCalendar;
#65; 2024-01-22T12:36:32.035+06:00; DateCalendar.test.fixLocalDate, res=2026-04-28, testArg1=2026-04-28; LENOVO2020\1; DateCalendar;
#66; 2024-01-22T12:36:32.035+06:00; DateCalendar.test.fixLocalDate, res=2000-01-01, testArg1=1967-11-25; LENOVO2020\1; DateCalendar;
#67; 2024-01-22T12:36:32.036+06:00; DateCalendar.test.fixLocalDate, res=2060-12-31, testArg1=2100-05-26; LENOVO2020\1; DateCalendar;
#69; 2024-01-22T12:36:40.826+06:00; Command.exit; LENOVO2020\1; Command;

