#1; 2024-06-17T06:53:36.4218; WB.static ctor block init, abcGlobal={this.basic=149, this.sectoral=3, this.sectoralPawnshop=3, this.debt=46, this.publicHoliday=18, this.extraDayOff=6, this.accountMatching=59, this.accountTableClosing=4, this.template=12, this.update=15, }; block2024\User; WB;
#2; 2024-06-17T06:53:36.4438; WB.static ctor block init, abcTemplate={this.basic=1203, this.sectoral=3, this.sectoralPawnshop=3, this.infoBaseId=1, this.debt=106, this.update=9, this.table=2, this.catalog=60, this.codePay=3, }; block2024\User; WB;
#3; 2024-06-17T06:53:36.4448; WB.getGlobalStart, eventGlobalStart=2024-06-17T06:53:36.4448; block2024\User; WB;
#6; 2024-06-17T06:53:36.7809; Conn.getLocal, finally localPath=E:\WorkbookBasic\WB\local\DatabaseLocal_2024_01_10T09_51_53.338_.sqlite3, finally WB.abcLocal={this.local=14, this.userManualLocal=1, this.sourceExtFile=6, this.workOutside=4, this.collector=1, this.registerOrg=2, }; block2024\User; Conn;
#11; 2024-06-17T06:53:36.9599; GUI.getFrameBasic, frame.getName=frame0; block2024\User; GUI;
#29; 2024-06-17T06:53:41.7491; WB.getLocalEnd, durationLocal=142 ms, Command.replaceInto, updateDto.size=17, setConn=[E:\WorkbookBasic\WB\MyWorkBase1.sqlite3]; block2024\User; WB;
#31; 2024-06-17T06:53:44.0903; WB.getEventEnd, eventGlobalEnd=2024-06-17T06:53:44.0903; block2024\User; WB;
#32; 2024-06-17T06:53:44.0913; WB.getEventEnd, durationGlobal=7645 ms; block2024\User; WB;
Log detail
#4; 2024-06-17T06:53:36.4578; Conn.getDbList, Conn.work=[E:\WorkbookBasic\WB\MyWorkBase1.sqlite3]; block2024\User; Conn;
#5; 2024-06-17T06:53:36.4578; Conn.getDbList, Conn.systemFact=[E:\WorkbookBasic\WB\DatabaseGlobal.sqlite3, E:\WorkbookBasic\WB\DatabaseTemplate.sqlite3]; block2024\User; Conn;
#7; 2024-06-17T06:53:36.7809; WB.init, java.version=21.0.1; block2024\User; WB;
#8; 2024-06-17T06:53:36.7809; WB.init, java.home=C:\openjdk\jdk-21.0.1; block2024\User; WB;
#9; 2024-06-17T06:53:36.7809; WB.init, java.class.path=E:\WorkbookBasic\WB\bin; block2024\User; WB;
#10; 2024-06-17T06:53:36.7819; WB.init, os.name=Windows 7; block2024\User; WB;
#12; 2024-06-17T06:53:41.6091; ModelDto.getValueFromMoreByKey, res=P1; block2024\User; ModelDto;
#13; 2024-06-17T06:53:41.6231; ModelDto.getValueFromMoreByKey, res=P1; block2024\User; ModelDto;
#14; 2024-06-17T06:53:41.6241; ModelDto.getValueFromMoreByKey, res=P1; block2024\User; ModelDto;
#15; 2024-06-17T06:53:41.6241; ModelDto.getValueFromMoreByKey, res=P1; block2024\User; ModelDto;
#16; 2024-06-17T06:53:41.6251; ModelDto.getValueFromMoreByKey, res=P1; block2024\User; ModelDto;
#17; 2024-06-17T06:53:41.6261; ModelDto.getValueFromMoreByKey, res=P1; block2024\User; ModelDto;
#18; 2024-06-17T06:53:41.6271; ModelDto.getValueFromMoreByKey, res=P1; block2024\User; ModelDto;
#19; 2024-06-17T06:53:41.6271; ModelDto.getValueFromMoreByKey, res=P1; block2024\User; ModelDto;
#20; 2024-06-17T06:53:41.6281; ModelDto.getValueFromMoreByKey, res=P1; block2024\User; ModelDto;
#21; 2024-06-17T06:53:41.6281; ModelDto.getValueFromMoreByKey, res=P1; block2024\User; ModelDto;
#22; 2024-06-17T06:53:41.6291; ModelDto.getValueFromMoreByKey, res=P1; block2024\User; ModelDto;
#23; 2024-06-17T06:53:41.6311; ModelDto.getValueFromMoreByKey, res=P1; block2024\User; ModelDto;
#24; 2024-06-17T06:53:41.6321; ModelDto.getValueFromMoreByKey, res=P1; block2024\User; ModelDto;
#25; 2024-06-17T06:53:41.6341; ModelDto.getValueFromMoreByKey, res=P1; block2024\User; ModelDto;
#26; 2024-06-17T06:53:41.6371; ModelDto.getValueFromMoreByKey, res=P1; block2024\User; ModelDto;
#27; 2024-06-17T06:53:41.6381; ModelDto.getValueFromMoreByKey, res=P1; block2024\User; ModelDto;
#28; 2024-06-17T06:53:41.6381; ModelDto.getValueFromMoreByKey, res=P1; block2024\User; ModelDto;
#30; 2024-06-17T06:53:44.0903; Command.exit; block2024\User; Command;

