#1; 2024-05-24T06:48:00.4137; WB.static ctor block init, abcGlobal={this.basic=149, this.sectoral=3, this.sectoralPawnshop=3, this.debt=46, this.publicHoliday=18, this.extraDayOff=6, this.notWorkDay=24, this.accountMatching=59, this.accountTableClosing=4, this.template=12, this.update=15, }; block2024\User; WB;
#2; 2024-05-24T06:48:00.4387; WB.static ctor block init, abcTemplate={this.basic=1203, this.sectoral=3, this.sectoralPawnshop=3, this.debt=106, this.update=9, this.table=2, this.catalog=60, this.codePay=3, }; block2024\User; WB;
#3; 2024-05-24T06:48:00.4387; WB.getGlobalStart, eventGlobalStart=2024-05-24T06:48:00.4387; block2024\User; WB;
#4; 2024-05-24T06:48:00.4487; Conn.getDbList, Conn.work=[MyWorkBase1.sqlite3, MyWorkBase2.sqlite3]; block2024\User; Conn;
#11; 2024-05-24T06:48:00.6497; Conn.getLocal, finally localPath=D:\WorkbookBasic\WB\local\DatabaseLocal_2024_01_10T09_51_53.338_.sqlite3, finally WB.abcLocal={this.local=11, this.userManualLocal=1, this.sourceExtFile=4, this.workOutside=3, this.collector=1, this.registerOrg=2, }; block2024\User; Conn;
#12; 2024-05-24T06:48:00.7737; GUI.getFrameBasic, frame.getName=frame0; block2024\User; GUI;
#14; 2024-05-24T06:49:27.6747; WB.getEventEnd, eventGlobalEnd=2024-05-24T06:49:27.6747; block2024\User; WB;
#15; 2024-05-24T06:49:27.6767; WB.getEventEnd, durationGlobal=87235 ms; block2024\User; WB;
Log detail
#5; 2024-05-24T06:48:00.4487; Conn.getDbList, Conn.systemFact=[DatabaseGlobal.sqlite3, DatabaseTemplate.sqlite3]; block2024\User; Conn;
#6; 2024-05-24T06:48:00.4497; Conn.getDbList, Conn.testDb=[]; block2024\User; Conn;
#7; 2024-05-24T06:48:00.4497; Conn.getDbList, Conn.exampleDb=[]; block2024\User; Conn;
#8; 2024-05-24T06:48:00.4497; Conn.setLast, WB.lastConn=MyWorkBase1.sqlite3; block2024\User; Conn;
#9; 2024-05-24T06:48:00.5777; Conn.setLast, WB.abcLast={this.basic=1203, this.sectoral=3, this.sectoralPawnshop=3, this.debt=106, this.update=9, this.table=2, this.catalog=60, this.codePay=3, }, WB.lastConn=jdbc:sqlite:MyWorkBase1.sqlite3; block2024\User; Conn;
#10; 2024-05-24T06:48:00.6497; Conn.setLocal, WB.abcLocal={this.local=11, this.userManualLocal=1, this.sourceExtFile=4, this.workOutside=3, this.collector=1, this.registerOrg=2, }, localPath=D:\WorkbookBasic\WB\local\DatabaseLocal_2024_01_10T09_51_53.338_.sqlite3; block2024\User; Conn;
#13; 2024-05-24T06:49:27.6747; Command.exit; block2024\User; Command;

