#1; 2024-02-21T17:05:35.741674800+06:00; WB.static ctor block init, abcGlobal={this.basic=146, this.debt=45, this.publicHoliday=18, this.extraDayOff=6, this.notWorkDay=24, this.accountMatching=59, this.accountTableClosing=4, this.template=12, this.update=15, }; block2024\User; WB;
#2; 2024-02-21T17:05:35.758675800+06:00; WB.static ctor block init, abcTemplate={this.basic=965, this.debt=99, this.update=7, this.table=2, this.catalog=60, this.codePay=3, }; block2024\User; WB;
#3; 2024-02-21T17:05:35.758675800+06:00; WB.getGlobalStart, eventGlobalStart=2024-02-21T17:05:35.758675800+06:00; block2024\User; WB;
#4; 2024-02-21T17:05:35.774676700+06:00; Conn.getDbList, Conn.work=[MyWorkBase1.sqlite3, MyWorkBase2.sqlite3]; block2024\User; Conn;
#11; 2024-02-21T17:05:35.951686800+06:00; Conn.getLocal, finally localPath=D:\WorkbookBasic\WB\local\DatabaseLocal_2024_01_10T09_51_53.338_.sqlite3, finally WB.abcLocal={this.local=10, this.sourceExtFile=4, this.workOutside=3, this.collector=1, this.registerOrg=2, }; block2024\User; Conn;
#12; 2024-02-21T17:05:35.952686900+06:00; WB.restoreLastState, lastState=[]; block2024\User; WB;
#13; 2024-02-21T17:05:35.952686900+06:00; WB.restoreLastState, restoreState=[]; block2024\User; WB;
#119; 2024-02-21T17:05:36.374711+06:00; GUI.getFrameBasic, frame.getName=frame0; block2024\User; GUI;
#121; 2024-02-21T17:05:39.230874400+06:00; WB.saveLastState, lastState=[]; block2024\User; WB;
#122; 2024-02-21T17:05:39.230874400+06:00; WB.getEventEnd, eventGlobalEnd=2024-02-21T17:05:39.230874400+06:00; block2024\User; WB;
#123; 2024-02-21T17:05:39.230874400+06:00; WB.getEventEnd, durationGlobal=3472 ms; block2024\User; WB;
Log detail
#5; 2024-02-21T17:05:35.774676700+06:00; Conn.getDbList, Conn.systemFact=[DatabaseGlobal.sqlite3, DatabaseTemplate.sqlite3]; block2024\User; Conn;
#6; 2024-02-21T17:05:35.775676700+06:00; Conn.getDbList, Conn.testDb=null; block2024\User; Conn;
#7; 2024-02-21T17:05:35.775676700+06:00; Conn.getDbList, Conn.exampleDb=null; block2024\User; Conn;
#8; 2024-02-21T17:05:35.775676700+06:00; Conn.setLast, WB.lastConn=MyWorkBase1.sqlite3; block2024\User; Conn;
#9; 2024-02-21T17:05:35.912684600+06:00; Conn.setLast, WB.abcLast={this.basic=965, this.debt=99, this.update=7, this.table=2, this.catalog=60, this.codePay=3, }, WB.lastConn=jdbc:sqlite:MyWorkBase1.sqlite3; block2024\User; Conn;
#10; 2024-02-21T17:05:35.950686800+06:00; Conn.setLocal, WB.abcLocal={this.local=10, this.sourceExtFile=4, this.workOutside=3, this.collector=1, this.registerOrg=2, }, localPath=D:\WorkbookBasic\WB\local\DatabaseLocal_2024_01_10T09_51_53.338_.sqlite3; block2024\User; Conn;
#14; 2024-02-21T17:05:35.961687400+06:00; Model.getId, res=[P1]2024-02-21T17:05:35#10633; block2024\User; Model;
#15; 2024-02-21T17:05:35.961687400+06:00; Model.getId, res=[P1]2024-02-21T17:05:35#64949; block2024\User; Model;
#16; 2024-02-21T17:05:35.961687400+06:00; Model.getId, res=[P1]2024-02-21T17:05:35#76469; block2024\User; Model;
#17; 2024-02-21T17:05:35.962687400+06:00; Model.getId, res=[P1]2024-02-21T17:05:35#37179; block2024\User; Model;
#18; 2024-02-21T17:05:35.962687400+06:00; Model.getId, res=[P1]2024-02-21T17:05:35#49221; block2024\User; Model;
#19; 2024-02-21T17:05:35.962687400+06:00; Model.getId, res=[P1]2024-02-21T17:05:35#75814; block2024\User; Model;
#20; 2024-02-21T17:05:35.962687400+06:00; Model.getId, res=[P1]2024-02-21T17:05:35#10938; block2024\User; Model;
#21; 2024-02-21T17:05:35.962687400+06:00; Model.getId, res=[P1]2024-02-21T17:05:35#81021; block2024\User; Model;
#22; 2024-02-21T17:05:35.962687400+06:00; Model.getId, res=[P1]2024-02-21T17:05:35#21644; block2024\User; Model;
#23; 2024-02-21T17:05:35.962687400+06:00; Model.getId, res=[P1]2024-02-21T17:05:35#89356; block2024\User; Model;
#24; 2024-02-21T17:05:35.962687400+06:00; Model.getId, res=[P1]2024-02-21T17:05:35#72424; block2024\User; Model;
#25; 2024-02-21T17:05:35.962687400+06:00; ModelDto.getId, res=2024-02-21T17:05:35.51609; block2024\User; ModelDto;
#26; 2024-02-21T17:05:35.962687400+06:00; ModelDto.getId, res=2024-02-21T17:05:35.21555; block2024\User; ModelDto;
#27; 2024-02-21T17:05:35.963687500+06:00; ModelDto.getId, res=2024-02-21T17:05:35.83078; block2024\User; ModelDto;
#28; 2024-02-21T17:05:35.963687500+06:00; ModelDto.getId, res=2024-02-21T17:05:35.72244; block2024\User; ModelDto;
#29; 2024-02-21T17:05:35.963687500+06:00; ModelDto.getId, res=2024-02-21T17:05:35.72717; block2024\User; ModelDto;
#30; 2024-02-21T17:05:35.963687500+06:00; ModelDto.getId, res=2024-02-21T17:05:35.99877; block2024\User; ModelDto;
#31; 2024-02-21T17:05:35.963687500+06:00; ModelDto.getId, res=2024-02-21T17:05:35.21844; block2024\User; ModelDto;
#32; 2024-02-21T17:05:35.963687500+06:00; ModelDto.getId, res=2024-02-21T17:05:35.64915; block2024\User; ModelDto;
#33; 2024-02-21T17:05:35.963687500+06:00; ModelDto.getId, res=2024-02-21T17:05:35.16386; block2024\User; ModelDto;
#34; 2024-02-21T17:05:35.963687500+06:00; ModelDto.getId, res=2024-02-21T17:05:35.95727; block2024\User; ModelDto;
#35; 2024-02-21T17:05:35.963687500+06:00; ModelDto.getId, res=2024-02-21T17:05:35.69144; block2024\User; ModelDto;
#36; 2024-02-21T17:05:35.964687600+06:00; DateTool.test.getStartQuarter, res=2024-01-01, testArg1=2024-01-21; block2024\User; DateTool;
#37; 2024-02-21T17:05:35.964687600+06:00; DateTool.test.getStartQuarter, res=2024-01-01, testArg1=2024-02-21; block2024\User; DateTool;
#38; 2024-02-21T17:05:35.964687600+06:00; DateTool.test.getStartQuarter, res=2024-01-01, testArg1=2024-01-01; block2024\User; DateTool;
#39; 2024-02-21T17:05:35.964687600+06:00; DateTool.test.getStartQuarter, res=2024-04-01, testArg1=2024-04-18; block2024\User; DateTool;
#40; 2024-02-21T17:05:35.964687600+06:00; DateTool.test.getEndQuarter, res=2024-03-31, testArg1=2024-01-21; block2024\User; DateTool;
#41; 2024-02-21T17:05:35.964687600+06:00; DateTool.test.getEndQuarter, res=2024-03-31, testArg1=2024-02-21; block2024\User; DateTool;
#42; 2024-02-21T17:05:35.964687600+06:00; DateTool.test.getEndQuarter, res=2024-03-31, testArg1=2024-01-01; block2024\User; DateTool;
#43; 2024-02-21T17:05:35.964687600+06:00; DateTool.test.getEndQuarter, res=2024-06-30, testArg1=2024-04-18; block2024\User; DateTool;
#44; 2024-02-21T17:05:35.965687600+06:00; DateTool.getNumberWorkDay, transferWeekend = transferWeekend + 1, date=2023-01-01; block2024\User; DateTool;
#45; 2024-02-21T17:05:36.001689700+06:00; DateTool.test.getNumberWorkDay, res=20, month=JANUARY; block2024\User; DateTool;
#46; 2024-02-21T17:05:36.015690500+06:00; DateTool.test.getNumberWorkDay, res=20, month=FEBRUARY; block2024\User; DateTool;
#47; 2024-02-21T17:05:36.024691+06:00; DateTool.test.getNumberWorkDay, res=19, month=MARCH; block2024\User; DateTool;
#48; 2024-02-21T17:05:36.032691400+06:00; DateTool.test.getNumberWorkDay, res=20, month=APRIL; block2024\User; DateTool;
#49; 2024-02-21T17:05:36.033691500+06:00; DateTool.getNumberWorkDay, transferWeekend = transferWeekend + 1, date=2023-05-07; block2024\User; DateTool;
#50; 2024-02-21T17:05:36.039691800+06:00; DateTool.test.getNumberWorkDay, res=20, month=MAY; block2024\User; DateTool;
#51; 2024-02-21T17:05:36.049692400+06:00; DateTool.test.getNumberWorkDay, res=21, month=JUNE; block2024\User; DateTool;
#52; 2024-02-21T17:05:36.054692700+06:00; DateTool.test.getNumberWorkDay, res=20, month=JULY; block2024\User; DateTool;
#53; 2024-02-21T17:05:36.062693200+06:00; DateTool.test.getNumberWorkDay, res=22, month=AUGUST; block2024\User; DateTool;
#54; 2024-02-21T17:05:36.068693500+06:00; DateTool.test.getNumberWorkDay, res=21, month=SEPTEMBER; block2024\User; DateTool;
#55; 2024-02-21T17:05:36.075693900+06:00; DateTool.test.getNumberWorkDay, res=21, month=OCTOBER; block2024\User; DateTool;
#56; 2024-02-21T17:05:36.080694200+06:00; DateTool.test.getNumberWorkDay, res=22, month=NOVEMBER; block2024\User; DateTool;
#57; 2024-02-21T17:05:36.083694400+06:00; DateTool.getNumberWorkDay, transferWeekend = transferWeekend + 1, date=2023-12-16; block2024\User; DateTool;
#58; 2024-02-21T17:05:36.086694500+06:00; DateTool.test.getNumberWorkDay, res=20, month=DECEMBER; block2024\User; DateTool;
#59; 2024-02-21T17:05:36.091694800+06:00; DateTool.test.getNumberWorkDay, res=21, month=JANUARY; block2024\User; DateTool;
#60; 2024-02-21T17:05:36.096695100+06:00; DateTool.test.getNumberWorkDay, res=21, month=FEBRUARY; block2024\User; DateTool;
#61; 2024-02-21T17:05:36.099695300+06:00; DateTool.getNumberWorkDay, transferWeekend = transferWeekend + 1, date=2024-03-23; block2024\User; DateTool;
#62; 2024-02-21T17:05:36.100695300+06:00; DateTool.test.getNumberWorkDay, res=17, month=MARCH; block2024\User; DateTool;
#63; 2024-02-21T17:05:36.105695600+06:00; DateTool.test.getNumberWorkDay, res=22, month=APRIL; block2024\User; DateTool;
#64; 2024-02-21T17:05:36.110695900+06:00; DateTool.test.getNumberWorkDay, res=20, month=MAY; block2024\User; DateTool;
#65; 2024-02-21T17:05:36.115696200+06:00; DateTool.test.getNumberWorkDay, res=19, month=JUNE; block2024\User; DateTool;
#66; 2024-02-21T17:05:36.116696200+06:00; DateTool.getNumberWorkDay, transferWeekend = transferWeekend + 1, date=2024-07-06; block2024\User; DateTool;
#67; 2024-02-21T17:05:36.121696500+06:00; DateTool.test.getNumberWorkDay, res=22, month=JULY; block2024\User; DateTool;
#68; 2024-02-21T17:05:36.126696800+06:00; DateTool.test.getNumberWorkDay, res=21, month=AUGUST; block2024\User; DateTool;
#69; 2024-02-21T17:05:36.130697+06:00; DateTool.test.getNumberWorkDay, res=21, month=SEPTEMBER; block2024\User; DateTool;
#70; 2024-02-21T17:05:36.134697300+06:00; DateTool.test.getNumberWorkDay, res=22, month=OCTOBER; block2024\User; DateTool;
#71; 2024-02-21T17:05:36.138697500+06:00; DateTool.test.getNumberWorkDay, res=21, month=NOVEMBER; block2024\User; DateTool;
#72; 2024-02-21T17:05:36.142697700+06:00; DateTool.test.getNumberWorkDay, res=21, month=DECEMBER; block2024\User; DateTool;
#73; 2024-02-21T17:05:36.147698+06:00; DateTool.test.getNumberWorkDay, res=20, month=JANUARY; block2024\User; DateTool;
#74; 2024-02-21T17:05:36.150698200+06:00; DateTool.test.getNumberWorkDay, res=20, month=FEBRUARY; block2024\User; DateTool;
#75; 2024-02-21T17:05:36.152698300+06:00; DateTool.getNumberWorkDay, transferWeekend = transferWeekend + 1, date=2025-03-08; block2024\User; DateTool;
#76; 2024-02-21T17:05:36.153698400+06:00; DateTool.getNumberWorkDay, transferWeekend = transferWeekend + 1, date=2025-03-22; block2024\User; DateTool;
#77; 2024-02-21T17:05:36.153698400+06:00; DateTool.getNumberWorkDay, transferWeekend = transferWeekend + 1, date=2025-03-23; block2024\User; DateTool;
#78; 2024-02-21T17:05:36.155698500+06:00; DateTool.test.getNumberWorkDay, res=17, month=MARCH; block2024\User; DateTool;
#79; 2024-02-21T17:05:36.158698700+06:00; DateTool.test.getNumberWorkDay, res=22, month=APRIL; block2024\User; DateTool;
#80; 2024-02-21T17:05:36.162698900+06:00; DateTool.test.getNumberWorkDay, res=19, month=MAY; block2024\User; DateTool;
#81; 2024-02-21T17:05:36.166699100+06:00; DateTool.test.getNumberWorkDay, res=21, month=JUNE; block2024\User; DateTool;
#82; 2024-02-21T17:05:36.167699200+06:00; DateTool.getNumberWorkDay, transferWeekend = transferWeekend + 1, date=2025-07-06; block2024\User; DateTool;
#83; 2024-02-21T17:05:36.170699300+06:00; DateTool.test.getNumberWorkDay, res=22, month=JULY; block2024\User; DateTool;
#84; 2024-02-21T17:05:36.173699500+06:00; DateTool.getNumberWorkDay, transferWeekend = transferWeekend + 1, date=2025-08-30; block2024\User; DateTool;
#85; 2024-02-21T17:05:36.174699600+06:00; DateTool.test.getNumberWorkDay, res=20, month=AUGUST; block2024\User; DateTool;
#86; 2024-02-21T17:05:36.176699700+06:00; DateTool.test.getNumberWorkDay, res=22, month=SEPTEMBER; block2024\User; DateTool;
#87; 2024-02-21T17:05:36.179699900+06:00; DateTool.getNumberWorkDay, transferWeekend = transferWeekend + 1, date=2025-10-25; block2024\User; DateTool;
#88; 2024-02-21T17:05:36.180699900+06:00; DateTool.test.getNumberWorkDay, res=22, month=OCTOBER; block2024\User; DateTool;
#89; 2024-02-21T17:05:36.184700100+06:00; DateTool.test.getNumberWorkDay, res=20, month=NOVEMBER; block2024\User; DateTool;
#90; 2024-02-21T17:05:36.188700400+06:00; DateTool.test.getNumberWorkDay, res=22, month=DECEMBER; block2024\User; DateTool;
#91; 2024-02-21T17:05:36.196700800+06:00; DateTool.test.isNotWorkDay, res=false, testArg1=2024-01-21, (SUNDAY); block2024\User; DateTool;
#92; 2024-02-21T17:05:36.196700800+06:00; DateTool.test.isNotWorkDay, res=false, testArg1=2024-02-21, (WEDNESDAY); block2024\User; DateTool;
#93; 2024-02-21T17:05:36.196700800+06:00; DateTool.test.isNotWorkDay, res=true, testArg1=2024-01-01, (MONDAY); block2024\User; DateTool;
#94; 2024-02-21T17:05:36.196700800+06:00; DateTool.test.isNotWorkDay, res=false, testArg1=2024-04-18, (THURSDAY); block2024\User; DateTool;
#95; 2024-02-21T17:05:36.196700800+06:00; DateTool.test.getListStartMonthYear, res=[2024-01-01, 2024-02-01, 2024-03-01, 2024-04-01, 2024-05-01, 2024-06-01, 2024-07-01, 2024-08-01, 2024-09-01, 2024-10-01, 2024-11-01, 2024-12-01]; block2024\User; DateTool;
#96; 2024-02-21T17:05:36.197700900+06:00; DateTool.test.getLocalDate, res=2024-02-21, testArg1=2023-11-24T06:46:16.907+06:00; block2024\User; DateTool;
#97; 2024-02-21T17:05:36.197700900+06:00; DateTool.test.getLocalDate, res=2024-02-21, testArg1=2023-11-08 02:15:09; block2024\User; DateTool;
#98; 2024-02-21T17:05:36.197700900+06:00; DateTool.test.getLocalDate, res=2024-02-21, testArg1=06:46:16.907+06:00; block2024\User; DateTool;
#99; 2024-02-21T17:05:36.198700900+06:00; DateTool.test.getLocalDate, res=2019-01-01, testArg1=2019-01-01; block2024\User; DateTool;
#100; 2024-02-21T17:05:36.198700900+06:00; DateTool.test.getLocalDate, res=2024-02-21, testArg1=test1; block2024\User; DateTool;
#101; 2024-02-21T17:05:36.198700900+06:00; DateTool.test.getLocalDate, res=2024-02-21, testArg1=12.45; block2024\User; DateTool;
#102; 2024-02-21T17:05:36.198700900+06:00; DateTool.test.getLocalDate, res=2024-02-21, testArg1=12:45; block2024\User; DateTool;
#103; 2024-02-21T17:05:36.198700900+06:00; DateTool.test.getLocalDate, res=2024-02-21, testArg1=12:45:38; block2024\User; DateTool;
#104; 2024-02-21T17:05:36.198700900+06:00; DateTool.test.getLocalDate, res=2024-02-21, testArg1=12:45:57.678; block2024\User; DateTool;
#105; 2024-02-21T17:05:36.198700900+06:00; DateTool.test.getLocalDate, res=2024-02-21, testArg1=null; block2024\User; DateTool;
#106; 2024-02-21T17:05:36.199701+06:00; DateTool.test.getLocalTime, res=null, testArg1=2023-11-24T06:46:16.907+06:00; block2024\User; DateTool;
#107; 2024-02-21T17:05:36.199701+06:00; DateTool.test.getLocalTime, res=null, testArg1=2023-11-08 02:15:09; block2024\User; DateTool;
#108; 2024-02-21T17:05:36.202701200+06:00; DateTool.test.getLocalTime, res=null, testArg1=06:46:16.907+06:00; block2024\User; DateTool;
#109; 2024-02-21T17:05:36.202701200+06:00; DateTool.test.getLocalTime, res=null, testArg1=2019-01-01; block2024\User; DateTool;
#110; 2024-02-21T17:05:36.202701200+06:00; DateTool.test.getLocalTime, res=null, testArg1=test1; block2024\User; DateTool;
#111; 2024-02-21T17:05:36.202701200+06:00; DateTool.test.getLocalTime, res=null, testArg1=12.45; block2024\User; DateTool;
#112; 2024-02-21T17:05:36.203701200+06:00; DateTool.test.getLocalTime, res=12:45, testArg1=12:45; block2024\User; DateTool;
#113; 2024-02-21T17:05:36.203701200+06:00; DateTool.test.getLocalTime, res=12:45:38, testArg1=12:45:38; block2024\User; DateTool;
#114; 2024-02-21T17:05:36.203701200+06:00; DateTool.test.getLocalTime, res=12:45:57.678, testArg1=12:45:57.678; block2024\User; DateTool;
#115; 2024-02-21T17:05:36.203701200+06:00; DateTool.test.getLocalTime, res=null, testArg1=null; block2024\User; DateTool;
#116; 2024-02-21T17:05:36.203701200+06:00; DateTool.test.fixLocalDate, res=2026-04-28, testArg1=2026-04-28; block2024\User; DateTool;
#117; 2024-02-21T17:05:36.203701200+06:00; DateTool.test.fixLocalDate, res=2000-01-01, testArg1=1967-11-25; block2024\User; DateTool;
#118; 2024-02-21T17:05:36.204701300+06:00; DateTool.test.fixLocalDate, res=2060-12-31, testArg1=2100-05-26; block2024\User; DateTool;
#120; 2024-02-21T17:05:39.229874300+06:00; Command.exit; block2024\User; Command;

