#1; 2024-07-25T06:39:37.2698; WB.static ctor block init, WB.abcGlobal={this.basic=149, this.sectoral=3, this.sectoralPawnshop=3, this.debt=46, this.publicHoliday=18, this.extraDayOff=6, this.accountMatching=59, this.accountTableClosing=4, this.template=12, this.update=15, }; block2024\User; WB;
#2; 2024-07-25T06:39:37.3238; WB.static ctor block init, WB.abcTemplate={this.basic=970, this.root=15, this.sectoral=5, this.sectoralPawnshop=5, this.listVal=2, this.infoBaseId=1, this.debt=99, this.update=7, this.table=2, this.catalog=60, this.codePay=3, }; block2024\User; WB;
#3; 2024-07-25T06:39:37.3248; WB.getGlobalStart, eventGlobalStart=2024-07-25T06:39:37.3248; block2024\User; WB;
#6; 2024-07-25T06:39:37.6048; WB.getLocalEnd, durationLocal=232 ms, Conn.getLast, WB.abcLast={this.basic=968, this.root=15, this.sectoral=4, this.sectoralPawnshop=4, this.listVal=1, this.infoBaseId=1, this.debt=99, this.update=7, this.table=2, this.catalog=60, this.codePay=3, }; block2024\User; WB;
#7; 2024-07-25T06:39:37.7499; Conn.getLocal, finally localPath=E:\WorkbookBasic\WB\local\DatabaseLocal_2024_01_10T09_51_53.338_.sqlite3, finally WB.abcLocal={this.basic=14, this.userManualLocal=1, this.sourceExtFile=6, this.workOutside=4, this.collector=1, this.registerOrg=2, }; block2024\User; Conn;
#12; 2024-07-25T06:39:37.7519; WB.init, end; block2024\User; WB;
#85; 2024-07-25T06:39:37.7929; Etc.fixTrim, ex=Cannot invoke "String.strip()" because "fixStr" is null; block2024\User; Etc;
#88; 2024-07-25T06:39:37.9859; GUI.getFrameBasic, frame.getName=frame0; block2024\User; GUI;
#89; 2024-07-25T06:39:37.9859; WB.getLocalEnd, durationLocal=661 ms, WB.main, end ; block2024\User; WB;
#91; 2024-07-25T06:42:39.6243; WB.getEventEnd, eventGlobalEnd=2024-07-25T06:42:39.6243; block2024\User; WB;
#92; 2024-07-25T06:42:39.6243; WB.getEventEnd, durationGlobal=182299 ms; block2024\User; WB;
Log detail
#4; 2024-07-25T06:39:37.3578; Conn.getDbList, Conn.work=[E:\WorkbookBasic\WB\MyWorkBase1.sqlite3]; block2024\User; Conn;
#5; 2024-07-25T06:39:37.3588; Conn.getDbList, Conn.systemFact=[E:\WorkbookBasic\WB\DatabaseGlobal.sqlite3, E:\WorkbookBasic\WB\DatabaseTemplate.sqlite3]; block2024\User; Conn;
#8; 2024-07-25T06:39:37.7509; WB.init, java.version=21.0.1; block2024\User; WB;
#9; 2024-07-25T06:39:37.7509; WB.init, java.home=C:\openjdk\jdk-21.0.1; block2024\User; WB;
#10; 2024-07-25T06:39:37.7509; WB.init, java.class.path=E:\WorkbookBasic\WB\bin; block2024\User; WB;
#11; 2024-07-25T06:39:37.7519; WB.init, os.name=Windows 7; block2024\User; WB;
#13; 2024-07-25T06:39:37.7539; ModelDto.test.getId, res=[P1]2024-07-25T06:39:37#36978; block2024\User; ModelDto;
#14; 2024-07-25T06:39:37.7549; ModelDto.test.getId, res=P2; block2024\User; Model;
#15; 2024-07-25T06:39:37.7549; ModelDto.test end ; block2024\User; ModelDto;
#16; 2024-07-25T06:39:37.7579; LocInt.test.getStrLocalFinally, res=8-701-111-11-11, testArg1=8-701-111-11-11, testArg2.key=[Қаз]; block2024\User; LocInt;
#17; 2024-07-25T06:39:37.7579; LocInt.test.getStrLocalFinally, res=8-701-111-11-11, testArg1=8-701-111-11-11, testArg2.key=[Qaz]; block2024\User; LocInt;
#18; 2024-07-25T06:39:37.7579; LocInt.test.getStrLocalFinally, res=8-701-111-11-11, testArg1=8-701-111-11-11, testArg2.key=[RU]; block2024\User; LocInt;
#19; 2024-07-25T06:39:37.7579; LocInt.test.getStrLocalFinally, res=8-701-111-11-11, testArg1=8-701-111-11-11, testArg2.key=[EN]; block2024\User; LocInt;
#20; 2024-07-25T06:39:37.7589; LocInt.test.getStrLocalFinally, res=Доходы, testArg1=Доходы, testArg2.key=[Қаз]; block2024\User; LocInt;
#21; 2024-07-25T06:39:37.7589; LocInt.test.getStrLocalFinally, res=Доходы, testArg1=Доходы, testArg2.key=[Qaz]; block2024\User; LocInt;
#22; 2024-07-25T06:39:37.7589; LocInt.test.getStrLocalFinally, res=Доходы, testArg1=Доходы, testArg2.key=[RU]; block2024\User; LocInt;
#23; 2024-07-25T06:39:37.7589; LocInt.test.getStrLocalFinally, res=Доходы, testArg1=Доходы, testArg2.key=[EN]; block2024\User; LocInt;
#24; 2024-07-25T06:39:37.7599; LocInt.test.getStrLocalFinally, res=Доходы, testArg1=Доходы[RU], testArg2.key=[Қаз]; block2024\User; LocInt;
#25; 2024-07-25T06:39:37.7599; LocInt.test.getStrLocalFinally, res=Доходы, testArg1=Доходы[RU], testArg2.key=[Qaz]; block2024\User; LocInt;
#26; 2024-07-25T06:39:37.7599; LocInt.test.getStrLocalFinally, res=Доходы, testArg1=Доходы[RU], testArg2.key=[RU]; block2024\User; LocInt;
#27; 2024-07-25T06:39:37.7609; LocInt.test.getStrLocalFinally, res=Доходы, testArg1=Доходы[RU], testArg2.key=[EN]; block2024\User; LocInt;
#28; 2024-07-25T06:39:37.7609; LocInt.test.getStrLocalFinally, res=Доходы, testArg1=Доходы[AnyLang], testArg2.key=[Қаз]; block2024\User; LocInt;
#29; 2024-07-25T06:39:37.7609; LocInt.test.getStrLocalFinally, res=Доходы, testArg1=Доходы[AnyLang], testArg2.key=[Qaz]; block2024\User; LocInt;
#30; 2024-07-25T06:39:37.7619; LocInt.test.getStrLocalFinally, res=Доходы, testArg1=Доходы[AnyLang], testArg2.key=[RU]; block2024\User; LocInt;
#31; 2024-07-25T06:39:37.7619; LocInt.test.getStrLocalFinally, res=Доходы, testArg1=Доходы[AnyLang], testArg2.key=[EN]; block2024\User; LocInt;
#32; 2024-07-25T06:39:37.7619; LocInt.test.getStrLocalFinally, res=Доходы[Ru], testArg1=Доходы[Ru], testArg2.key=[Қаз]; block2024\User; LocInt;
#33; 2024-07-25T06:39:37.7629; LocInt.test.getStrLocalFinally, res=Доходы[Ru], testArg1=Доходы[Ru], testArg2.key=[Qaz]; block2024\User; LocInt;
#34; 2024-07-25T06:39:37.7629; LocInt.test.getStrLocalFinally, res=Доходы[Ru], testArg1=Доходы[Ru], testArg2.key=[RU]; block2024\User; LocInt;
#35; 2024-07-25T06:39:37.7629; LocInt.test.getStrLocalFinally, res=Доходы[Ru], testArg1=Доходы[Ru], testArg2.key=[EN]; block2024\User; LocInt;
#36; 2024-07-25T06:39:37.7629; LocInt.test.getStrLocalFinally, res=Tабыстар, testArg1=Доходы[RU]Tабыстар[Қаз], testArg2.key=[Қаз]; block2024\User; LocInt;
#37; 2024-07-25T06:39:37.7629; LocInt.test.getStrLocalFinally, res=Tабыстар, testArg1=Доходы[RU]Tабыстар[Қаз], testArg2.key=[Qaz]; block2024\User; LocInt;
#38; 2024-07-25T06:39:37.7639; LocInt.test.getStrLocalFinally, res=Доходы, testArg1=Доходы[RU]Tабыстар[Қаз], testArg2.key=[RU]; block2024\User; LocInt;
#39; 2024-07-25T06:39:37.7639; LocInt.test.getStrLocalFinally, res=Доходы, testArg1=Доходы[RU]Tабыстар[Қаз], testArg2.key=[EN]; block2024\User; LocInt;
#40; 2024-07-25T06:39:37.7639; LocInt.test.getStrLocalFinally, res=Доходы, testArg1=Доходы[RU]Profit[EN], testArg2.key=[Қаз]; block2024\User; LocInt;
#41; 2024-07-25T06:39:37.7639; LocInt.test.getStrLocalFinally, res=Доходы, testArg1=Доходы[RU]Profit[EN], testArg2.key=[Qaz]; block2024\User; LocInt;
#42; 2024-07-25T06:39:37.7649; LocInt.test.getStrLocalFinally, res=Доходы, testArg1=Доходы[RU]Profit[EN], testArg2.key=[RU]; block2024\User; LocInt;
#43; 2024-07-25T06:39:37.7649; LocInt.test.getStrLocalFinally, res=Profit, testArg1=Доходы[RU]Profit[EN], testArg2.key=[EN]; block2024\User; LocInt;
#44; 2024-07-25T06:39:37.7649; LocInt.test.getStrLocalFinally, res=Доходы, testArg1=Доходы[RU]Profit[En], testArg2.key=[Қаз]; block2024\User; LocInt;
#45; 2024-07-25T06:39:37.7649; LocInt.test.getStrLocalFinally, res=Доходы, testArg1=Доходы[RU]Profit[En], testArg2.key=[Qaz]; block2024\User; LocInt;
#46; 2024-07-25T06:39:37.7649; LocInt.test.getStrLocalFinally, res=Доходы, testArg1=Доходы[RU]Profit[En], testArg2.key=[RU]; block2024\User; LocInt;
#47; 2024-07-25T06:39:37.7689; LocInt.test.getStrLocalFinally, res=Profit[En], testArg1=Доходы[RU]Profit[En], testArg2.key=[EN]; block2024\User; LocInt;
#48; 2024-07-25T06:39:37.7689; LocInt.test.getStrLocalFinally, res=Revenu[FR], testArg1=Доходы[RU]Revenu[FR], testArg2.key=[Қаз]; block2024\User; LocInt;
#49; 2024-07-25T06:39:37.7689; LocInt.test.getStrLocalFinally, res=Revenu[FR], testArg1=Доходы[RU]Revenu[FR], testArg2.key=[Qaz]; block2024\User; LocInt;
#50; 2024-07-25T06:39:37.7689; LocInt.test.getStrLocalFinally, res=Доходы, testArg1=Доходы[RU]Revenu[FR], testArg2.key=[RU]; block2024\User; LocInt;
#51; 2024-07-25T06:39:37.7689; LocInt.test.getStrLocalFinally, res=Revenu[FR], testArg1=Доходы[RU]Revenu[FR], testArg2.key=[EN]; block2024\User; LocInt;
#52; 2024-07-25T06:39:37.7699; LocInt.test.getStrLocalFinally, res=Tabystar, testArg1=Доходы[RU]Tabystar[Qaz], testArg2.key=[Қаз]; block2024\User; LocInt;
#53; 2024-07-25T06:39:37.7699; LocInt.test.getStrLocalFinally, res=Tabystar, testArg1=Доходы[RU]Tabystar[Qaz], testArg2.key=[Qaz]; block2024\User; LocInt;
#54; 2024-07-25T06:39:37.7699; LocInt.test.getStrLocalFinally, res=Доходы, testArg1=Доходы[RU]Tabystar[Qaz], testArg2.key=[RU]; block2024\User; LocInt;
#55; 2024-07-25T06:39:37.7699; LocInt.test.getStrLocalFinally, res=Доходы, testArg1=Доходы[RU]Tabystar[Qaz], testArg2.key=[EN]; block2024\User; LocInt;
#56; 2024-07-25T06:39:37.7699; LocInt.test.getStrLocalFinally, res=Tabystar[QAZ], testArg1=Доходы[RU]Tabystar[QAZ], testArg2.key=[Қаз]; block2024\User; LocInt;
#57; 2024-07-25T06:39:37.7699; LocInt.test.getStrLocalFinally, res=Tabystar[QAZ], testArg1=Доходы[RU]Tabystar[QAZ], testArg2.key=[Qaz]; block2024\User; LocInt;
#58; 2024-07-25T06:39:37.7709; LocInt.test.getStrLocalFinally, res=Доходы, testArg1=Доходы[RU]Tabystar[QAZ], testArg2.key=[RU]; block2024\User; LocInt;
#59; 2024-07-25T06:39:37.7709; LocInt.test.getStrLocalFinally, res=Доходы, testArg1=Доходы[RU]Tabystar[QAZ], testArg2.key=[EN]; block2024\User; LocInt;
#60; 2024-07-25T06:39:37.7709; LocInt.test.getFactLocal, res=, testArg1=[Ru]; block2024\User; LocInt;
#61; 2024-07-25T06:39:37.7709; LocInt.test.getFactLocal, res=, testArg1=[EN]; block2024\User; LocInt;
#62; 2024-07-25T06:39:37.7709; LocInt.test.getFactLocal, res=, testArg1=[FR]; block2024\User; LocInt;
#63; 2024-07-25T06:39:37.7709; LocInt.test.getFactLocal, res=[Ru], testArg1=Макс[Ru]; block2024\User; LocInt;
#64; 2024-07-25T06:39:37.7719; LocInt.test.getFactLocal, res=[En], testArg1=Max[En]; block2024\User; LocInt;
#65; 2024-07-25T06:39:37.7719; LocInt.test.isUnknownLocal(LocInt.getFactLocal)), res=true, testArg1=[Ru]; block2024\User; LocInt;
#66; 2024-07-25T06:39:37.7729; LocInt.test.isUnknownLocal(LocInt.getFactLocal)), res=true, testArg1=[EN]; block2024\User; LocInt;
#67; 2024-07-25T06:39:37.7729; LocInt.test.isUnknownLocal(LocInt.getFactLocal)), res=true, testArg1=[FR]; block2024\User; LocInt;
#68; 2024-07-25T06:39:37.7729; LocInt.test.isUnknownLocal(LocInt.getFactLocal)), res=false, testArg1=Макс[Ru]; block2024\User; LocInt;
#69; 2024-07-25T06:39:37.7729; LocInt.test.isUnknownLocal(LocInt.getFactLocal)), res=false, testArg1=Max[En]; block2024\User; LocInt;
#70; 2024-07-25T06:39:37.7739; LocInt.test.getListStrLocal, res=8-701-111-11-11, , testArg1=8-701-111-11-11; block2024\User; LocInt;
#71; 2024-07-25T06:39:37.7739; LocInt.test.getListStrLocal, res=Доходы, , testArg1=Доходы; block2024\User; LocInt;
#72; 2024-07-25T06:39:37.7739; LocInt.test.getListStrLocal, res=Доходы[RU], , testArg1=Доходы[RU]; block2024\User; LocInt;
#73; 2024-07-25T06:39:37.7749; LocInt.test.getListStrLocal, res=Доходы[AnyLang], , testArg1=Доходы[AnyLang]; block2024\User; LocInt;
#74; 2024-07-25T06:39:37.7749; LocInt.test.getListStrLocal, res=Доходы[Ru], , testArg1=Доходы[Ru]; block2024\User; LocInt;
#75; 2024-07-25T06:39:37.7749; LocInt.test.getListStrLocal, res=Доходы[RU], Tабыстар[Қаз], , testArg1=Доходы[RU]Tабыстар[Қаз]; block2024\User; LocInt;
#76; 2024-07-25T06:39:37.7749; LocInt.test.getListStrLocal, res=Доходы[RU], Profit[EN], , testArg1=Доходы[RU]Profit[EN]; block2024\User; LocInt;
#77; 2024-07-25T06:39:37.7749; LocInt.test.getListStrLocal, res=Доходы[RU], Profit[En], , testArg1=Доходы[RU]Profit[En]; block2024\User; LocInt;
#78; 2024-07-25T06:39:37.7749; LocInt.test.getListStrLocal, res=Доходы[RU], Revenu[FR], , testArg1=Доходы[RU]Revenu[FR]; block2024\User; LocInt;
#79; 2024-07-25T06:39:37.7749; LocInt.test.getListStrLocal, res=Доходы[RU], Tabystar[Qaz], , testArg1=Доходы[RU]Tabystar[Qaz]; block2024\User; LocInt;
#80; 2024-07-25T06:39:37.7759; LocInt.test.getListStrLocal, res=Доходы[RU], Tabystar[QAZ], , testArg1=Доходы[RU]Tabystar[QAZ]; block2024\User; LocInt;
#81; 2024-07-25T06:39:37.7759; LocInt.test end ; block2024\User; LocInt;
#82; 2024-07-25T06:39:37.7829; ListVal.test.getVal, res=375:583:585:850:875:925:958:960:999, testArg3=Info.Code.GoldContent; block2024\User; ListVal;
#83; 2024-07-25T06:39:37.7839; ListVal.test.getStrListVal, res=375, 583, 585, 850, 875, 925, 958, 960, 999, , testArg1=375:583:585:850:875:925:958:960:999; block2024\User; ListVal;
#84; 2024-07-25T06:39:37.7839; ListVal.test.getStrListVal, res=новое, б\у, лом[RU], , testArg1=новое:б\у:лом[RU]; block2024\User; ListVal;
#86; 2024-07-25T06:39:37.7939; ListVal.test.getStrListVal, res=, testArg1=null; block2024\User; ListVal;
#87; 2024-07-25T06:39:37.7939; ListVal.test end ; block2024\User; ListVal;
#90; 2024-07-25T06:42:39.6233; Command.exit; block2024\User; Command;

