#1; 2024-01-25T09:01:56.984+06:00; WB.static ctor block init, abcGlobal={Abc.segment=36, Abc.segmentDebt=23, Abc.segmentPublicHoliday=10, Abc.segmentExtraDayOff=2, Abc.segmentNotWorkDay=12, this.basic=135, this.template=12, }; LENOVO2020\1; WB;
#2; 2024-01-25T09:01:57.001+06:00; WB.getGlobalStart, eventGlobalStart=2024-01-25T09:01:57.001+06:00; LENOVO2020\1; WB;
#3; 2024-01-25T09:01:57.013+06:00; Conn.getDbList, Conn.work=[MyWorkBase1.sqlite3]; LENOVO2020\1; Conn;
#10; 2024-01-25T09:01:57.254+06:00; Conn.getLocal, finally localPath=D:\WorkbookBasic\WB\local\DatabaseLocal_2024_01_10T09_51_53.338_.sqlite3, finally WB.abcLocal={Abc.segment=36, Abc.segmentDebt=23, Abc.segmentPublicHoliday=10, Abc.segmentExtraDayOff=2, Abc.segmentNotWorkDay=12, this.local=10, this.sourceExtFile=4, this.workOutside=3, this.collector=1, this.registerOrg=2, }; LENOVO2020\1; Conn;
#17; 2024-01-25T09:01:57.461+06:00; GUI.getFrameBasic, frame.getName=frame0; LENOVO2020\1; GUI;
#19; 2024-01-25T09:02:00.210+06:00; WB.getEventEnd, eventGlobalEnd=2024-01-25T09:02:00.210+06:00; LENOVO2020\1; WB;
#20; 2024-01-25T09:02:00.212+06:00; WB.getEventEnd, durationGlobal=3209 ms; LENOVO2020\1; WB;
Log detail
#4; 2024-01-25T09:01:57.013+06:00; Conn.getDbList, Conn.systemFact=[DatabaseGlobal.sqlite3, DatabaseTemplate.sqlite3]; LENOVO2020\1; Conn;
#5; 2024-01-25T09:01:57.014+06:00; Conn.getDbList, Conn.testDb=null; LENOVO2020\1; Conn;
#6; 2024-01-25T09:01:57.014+06:00; Conn.getDbList, Conn.exampleDb=null; LENOVO2020\1; Conn;
#7; 2024-01-25T09:01:57.015+06:00; Conn.setLast, WB.lastConn=MyWorkBase1.sqlite3; LENOVO2020\1; Conn;
#8; 2024-01-25T09:01:57.203+06:00; Conn.setLast, WB.abcLast={Abc.segment=36, Abc.segmentDebt=23, Abc.segmentPublicHoliday=10, Abc.segmentExtraDayOff=2, Abc.segmentNotWorkDay=12, this.basic=959, this.table=2, this.catalog=60, this.codePay=3, this.template=23, }, WB.lastConn=jdbc:sqlite:MyWorkBase1.sqlite3; LENOVO2020\1; Conn;
#9; 2024-01-25T09:01:57.254+06:00; Conn.setLocal, WB.abcLocal={Abc.segment=36, Abc.segmentDebt=23, Abc.segmentPublicHoliday=10, Abc.segmentExtraDayOff=2, Abc.segmentNotWorkDay=12, this.local=10, this.sourceExtFile=4, this.workOutside=3, this.collector=1, this.registerOrg=2, }, localPath=D:\WorkbookBasic\WB\local\DatabaseLocal_2024_01_10T09_51_53.338_.sqlite3; LENOVO2020\1; Conn;
#11; 2024-01-25T09:01:57.268+06:00; DateCalendar.isNotWorkDay, res=true, currDayOff={code=PublicHoliday.NewYearDay, meter=Meter.PublicHoliday, }, currDate1=2023-12-25; LENOVO2020\1; DateCalendar;
#12; 2024-01-25T09:01:57.271+06:00; DateCalendar.test.isNotWorkDay, res=true, testArg1=2023-12-25; LENOVO2020\1; DateCalendar;
#13; 2024-01-25T09:01:57.272+06:00; DateCalendar.isNotWorkDay, res=true, currDayOff={code=PublicHoliday.NewYearDay, meter=Meter.PublicHoliday, }, currDate1=2024-01-25; LENOVO2020\1; DateCalendar;
#14; 2024-01-25T09:01:57.272+06:00; DateCalendar.test.isNotWorkDay, res=true, testArg1=2024-01-25; LENOVO2020\1; DateCalendar;
#15; 2024-01-25T09:01:57.272+06:00; DateCalendar.isNotWorkDay, res=true, currDayOff={code=PublicHoliday.NewYearDay, meter=Meter.PublicHoliday, }, currDate1=2024-01-01; LENOVO2020\1; DateCalendar;
#16; 2024-01-25T09:01:57.272+06:00; DateCalendar.test.isNotWorkDay, res=true, testArg1=2024-01-01; LENOVO2020\1; DateCalendar;
#18; 2024-01-25T09:02:00.210+06:00; Command.exit; LENOVO2020\1; Command;

