#1| 2025-11-12T07:52:19.1901| WB.static ctor block init, WB.abcGlobal={basic=155, update=24, sectoral=4, sectoralPawnshop=4, debt=58, publicHoliday=18, extraDayOff=7, accountMatching=59, accountClosing=4, }| null| WB| 
#2| 2025-11-12T07:52:19.2031| WB.static ctor block init, WB.abcTemplate={basic=1057, catalog=76, codePay=3, update=9, sectoral=70, sectoralPawnshop=65, listVal=4, custom=2, debt=101, }| null| WB| 
#3| 2025-11-12T07:52:19.2041| WB.getGlobalStart, eventGlobalStart=2025-11-12T07:52:19.2041| null| WB| 
#7| 2025-11-12T07:52:19.3810| Conn.readDatabaseLocal, finally localPath=D:\WorkbookBasic\WB\local\DatabaseLocal.sqlite3, finally WB.abcLocal={basic=17, sourceExtFile=4, workOutside=4, idGen=5, userManualLocal=1, }| null| Conn| 
#12| 2025-11-12T07:52:19.3820| WB.init, end| null| WB| 
#143| 2025-11-12T07:52:21.2131| GUI.getFrameBasic():JFrame, frame.getName=frame0| null| GUI| 
#146| 2025-11-12T07:52:24.7959| WB.getEventEnd, eventGlobalEnd=2025-11-12T07:52:24.7959| null| WB| 
#147| 2025-11-12T07:52:24.7959| WB.getEventEnd, durationGlobal=5591 ms| null| WB| 
Log detail
#4| 2025-11-12T07:52:19.2141| Conn.getDbList, Conn.work=[D:\WorkbookBasic\WB\MyWorkBase1.sqlite3]| null| Conn| 
#5| 2025-11-12T07:52:19.2141| Conn.getDbList, Conn.systemFact=[D:\WorkbookBasic\WB\DatabaseGlobal.sqlite3, D:\WorkbookBasic\WB\DatabaseTemplate.sqlite3]| null| Conn| 
#6| 2025-11-12T07:52:19.3081| WB.getLocalEnd, durationLocal=86 ms, Conn.getLast, WB.abcLast={basic=1071, catalog=76, codePay=3, update=9, sectoral=70, sectoralPawnshop=65, listVal=4, custom=2, debt=101, }| null| WB| 
#8| 2025-11-12T07:52:19.3810| WB.init, java.version=21.0.8| null| WB| 
#9| 2025-11-12T07:52:19.3820| WB.init, java.home=C:\Users\user\.p2\pool\plugins\org.eclipse.justj.openjdk.hotspot.jre.full.win32.x86_64_21.0.8.v20250724-1412\jre| null| WB| 
#10| 2025-11-12T07:52:19.3820| WB.init, java.class.path=D:\WorkbookBasic\WB\bin;D:\WorkbookBasic\WB\sqlite-jdbc-3.40.0.0.jar| null| WB| 
#11| 2025-11-12T07:52:19.3820| WB.init, os.name=Windows 10| null| WB| 
#13| 2025-11-12T07:52:19.3820| WB.init, end| null| WB| 
#14| 2025-11-12T07:52:19.4220| | null| | 
#14| 2025-11-12T07:52:19.4220| TemplateDoc.test.ctor(String)| null| TemplateDoc| 
#15| 2025-11-12T07:52:19.4290| TemplateDoc.test.ctor(String)={src   , table Deal  , isExist false  , isValid false  }, templateDealId=, docId=| null| TemplateDoc| 
#16| 2025-11-12T07:52:19.4320| TemplateDoc.test.ctor(String)={src   , table Deal  , docId Bill  , isExist false  , isValid false  }, templateDealId=, docId=Bill| null| TemplateDoc| 
#17| 2025-11-12T07:52:19.4350| TemplateDoc.test.ctor(String)={src   , table Deal  , docId Invoice  , isExist false  , isValid false  }, templateDealId=, docId=Invoice| null| TemplateDoc| 
#18| 2025-11-12T07:52:19.4400| TemplateDoc.test.ctor(String)={src PawnDoc.Template1.V1  , table Deal  , id PawnDoc.Template1.V1  , face1 Face.FA1  , date1 2024-11-08  , date2 2080-12-31  , code 20  , description PawnDocTemplate1.mht:PawnDocTemplate2.mht  , Geo.Qazaqstan  , Role.Deal.PawnDoc  , Info.Deal.Term  , more 147  , templateId PawnDoc.Template1.V1  , isExist true  , isValid true  }, templateDealId=PawnDoc.Template1.V1, docId=| null| TemplateDoc| 
#19| 2025-11-12T07:52:19.4440| TemplateDoc.test.ctor(String)={src PawnDoc.Template1.V1  , table Deal  , id PawnDoc.Template1.V1  , face1 Face.FA1  , date1 2024-11-08  , date2 2080-12-31  , code 20  , description PawnDocTemplate1.mht:PawnDocTemplate2.mht  , Geo.Qazaqstan  , Role.Deal.PawnDoc  , Info.Deal.Term  , more 147  , templateId PawnDoc.Template1.V1  , docId Bill  , isExist true  , isValid true  }, templateDealId=PawnDoc.Template1.V1, docId=Bill| null| TemplateDoc| 
#20| 2025-11-12T07:52:19.4490| TemplateDoc.test.ctor(String)={src PawnDoc.Template1.V1  , table Deal  , id PawnDoc.Template1.V1  , face1 Face.FA1  , date1 2024-11-08  , date2 2080-12-31  , code 20  , description PawnDocTemplate1.mht:PawnDocTemplate2.mht  , Geo.Qazaqstan  , Role.Deal.PawnDoc  , Info.Deal.Term  , more 147  , templateId PawnDoc.Template1.V1  , docId Invoice  , isExist true  , isValid true  }, templateDealId=PawnDoc.Template1.V1, docId=Invoice| null| TemplateDoc| 
#21| 2025-11-12T07:52:19.4510| TemplateDoc.test.ctor(String)={src Deal.Tralala  , table Deal  , isExist false  , isValid false  }, templateDealId=Deal.Tralala, docId=| null| TemplateDoc| 
#22| 2025-11-12T07:52:19.4550| TemplateDoc.test.ctor(String)={src Deal.Tralala  , table Deal  , docId Bill  , isExist false  , isValid false  }, templateDealId=Deal.Tralala, docId=Bill| null| TemplateDoc| 
#23| 2025-11-12T07:52:19.4580| TemplateDoc.test.ctor(String)={src Deal.Tralala  , table Deal  , docId Invoice  , isExist false  , isValid false  }, templateDealId=Deal.Tralala, docId=Invoice| null| TemplateDoc| 
#24| 2025-11-12T07:52:19.6321| | null| | 
#24| 2025-11-12T07:52:19.6331| Pawn.test.getTotal(List<Pawn>):UnitVal| null| Pawn| 
#25| 2025-11-12T07:52:20.0358| Pawn.test.getTotal(List<Pawn>):UnitVal>, res.size=4| null| Pawn| 
#26| 2025-11-12T07:52:20.4516| Pawn.test.getTotal(List<Pawn>):Pawn>, res={src   table Deal  weightGross  7.0 Unit.Gr, гр  weightNetto  6.8 Unit.Gr, гр  estimatedValue  1.802E7 Unit.KZT, KZT  partMainDebt  1.50166E7 Unit.KZT, KZT  isExist false  isValid true  }| null| Pawn| 
#27| 2025-11-12T07:52:20.4516| | null| | 
#27| 2025-11-12T07:52:20.4516| Pawn.test.getPawnId():String| null| Pawn| 
#28| 2025-11-12T07:52:20.4616| Pawn.test.getPawnId():String, res=00001| null| Pawn| 
#29| 2025-11-12T07:52:20.4616| | null| | 
#29| 2025-11-12T07:52:20.4616| Pawn.test.ctor(String)| null| Pawn| 
#30| 2025-11-12T07:52:20.5135| Pawn.test.ctor(String)={src PawnDoc.Template1.V1.Pawn  table Deal  id [IB1][2025-11-12T07:52:20][#43488]  parent PawnDoc.Template1.V1  face1 Face.FA1  date1 2025-11-12   Geo.Qazaqstan   Role.Deal.Pawn   Info.Deal.Term  more 129   Mark.DD  pawnId ?  templateId PawnDoc.Template1.V1  productCondition ?  assetCatId ?  gem ?  descriptionPattern []  assetDefectCatId [?, ]  isExist true  isValid true  }| null| Pawn| 
#31| 2025-11-12T07:52:20.5925| Pawn.test.ctor(String)={src Pawn.Test1  table Deal  id [IB1][2025-11-12T07:52:20][#95152]  parent PawnDoc.Test1  face1 Face.FA1  date1 2025-11-12   Geo.Qazaqstan   Role.Deal.Pawn   Info.Asset.SubAsset  more 190   Mark.DD  pawnId [P2]1  templateId Pawn.Template  productCondition новое  assetCatId Asset.PS.Catalog.1  gem б\к  descriptionPattern []  assetDefectCatId [потертости, заусенцы, ]  weightGross  3.0 Unit.Gr, гр  weightNetto  2.9 Unit.Gr, гр  goldContent  585.0 Unit.GoldContent, проба золота  estimatedValue  1000.0 Unit.KZT, KZT  partMainDebt  800.0 Unit.KZT, KZT  isExist true  isValid true  }| null| Pawn| 
#32| 2025-11-12T07:52:20.6624| Pawn.test.ctor(String)={src Pawn.Test2  table Deal  id [IB1][2025-11-12T07:52:20][#43822]  parent PawnDoc.Test1  face1 Face.FA1  date1 2025-11-12   Geo.Qazaqstan   Role.Deal.Pawn   Info.Asset.SubAsset  more 205   Mark.DD  pawnId [P2]2  templateId Pawn.Template  VINCode 333  carDoc 111  carNumber N222  color красный  producer Тойота  dateMFG 12.11.2005  productCondition новое  assetCatId Asset.PS.Catalog  descriptionPattern []  assetDefectCatId [б\д, ]  estimatedValue  1.8E7 Unit.KZT, KZT  partMainDebt  1.5E7 Unit.KZT, KZT  isExist true  isValid true  }| null| Pawn| 
#33| 2025-11-12T07:52:20.7184| Pawn.test.ctor(String)={src Pawn.Test3  table Deal  id [IB1][2025-11-12T07:52:20][#33413]  parent PawnDoc.Test1  face1 Face.FA1  date1 2025-11-12   Geo.Qazaqstan   Role.Deal.Pawn   Info.Asset.SubAsset  more 185   Mark.DD  pawnId [P1]1  templateId Pawn.Template  IMEICode 333  color красный  producer Самсунг  dateMFG 12.11.2005  productCondition новое  assetCatId Asset.PS.Catalog  descriptionPattern []  assetDefectCatId [б\д, ]  estimatedValue  18000.0 Unit.KZT, KZT  partMainDebt  15000.0 Unit.KZT, KZT  isExist true  isValid true  }| null| Pawn| 
#34| 2025-11-12T07:52:20.7414| | null| | 
#34| 2025-11-12T07:52:20.7414| Pawn.test.ctor(String)={src Pawn.Tralala  table Deal  isExist false  isValid true  }| null| Pawn| 
#35| 2025-11-12T07:52:20.7464| | null| | 
#35| 2025-11-12T07:52:20.7474| SPL.test.ctor(String)| null| SPL| 
#36| 2025-11-12T07:52:20.7484| SPL.test.ctor(String)=, context amount  , src 0.13  , partFractional 13  | null| SPL| 
#37| 2025-11-12T07:52:20.7504| SPL.test.ctor(String)=, context amount  , src 7  , partWhole 7  | null| SPL| 
#38| 2025-11-12T07:52:20.7514| SPL.test.ctor(String)=, context amount  , src 16  , partWhole 16  | null| SPL| 
#39| 2025-11-12T07:52:20.7514| SPL.test.ctor(String)=, context amount  , src 93  , partWhole 93  | null| SPL| 
#40| 2025-11-12T07:52:20.7514| SPL.test.ctor(String)=, context amount  , src 713  , partWhole 713  | null| SPL| 
#41| 2025-11-12T07:52:20.7524| SPL.test.ctor(String)=, context amount  , src 7894.1356  , partWhole 7894  , partFractional 1356  | null| SPL| 
#42| 2025-11-12T07:52:20.7534| SPL.test.ctor(String)=, context amount  , src 564.13  , partWhole 564  , partFractional 13  | null| SPL| 
#43| 2025-11-12T07:52:20.7534| SPL.test.ctor(String)=, context amount  , src 7155674.89  , partWhole 7155674  , partFractional 89  | null| SPL| 
#44| 2025-11-12T07:52:20.7544| SPL.test.ctor(String)=, context amount  , src 109090965  , partWhole 109090965  | null| SPL| 
#45| 2025-11-12T07:52:20.7554| SPL.test.ctor(String)=, context amount  , src 4578109090965  , partWhole 4578109090965  | null| SPL| 
#46| 2025-11-12T07:52:20.7564| SPL.test.ctor(String)=, context amount  , src 03  , partWhole 3  | null| SPL| 
#47| 2025-11-12T07:52:20.7564| SPL.test.ctor(String)=, context amount  , src 5100  , partWhole 5100  | null| SPL| 
#48| 2025-11-12T07:52:20.7844| | null| | 
#48| 2025-11-12T07:52:20.7854| TemplateDocEngine.test.getPattern(3String):List<ProcessVar>| null| TemplateDocEngine| 
#49| 2025-11-12T07:52:20.7974| WB.log(List<TemplateDocEngine>), res={id FullName_CurrFA  , code FullName_CurrFA  , description Полное официальное наименование  , Geo.Qazaqstan  , Role.Process.Var  , Info.Process.Pattern  , more 23  , Mark.MD  }| null| WB| 
#50| 2025-11-12T07:52:20.7974| WB.log(List<TemplateDocEngine>), res={id BIN_CurrFA  , code BIN_CurrFA  , description БИН  , Geo.Qazaqstan  , Role.Process.Var  , Info.Process.Pattern  , more 23  , Mark.MD  }| null| WB| 
#51| 2025-11-12T07:52:20.7984| WB.log(List<TemplateDocEngine>), res={id IIN_CurrFA  , code IIN_CurrFA  , description ИИН  , Geo.Qazaqstan  , Role.Process.Var  , Info.Process.Pattern  , more 23  , Mark.MD  }| null| WB| 
#52| 2025-11-12T07:52:20.7984| WB.log(List<TemplateDocEngine>), res={id RNN_CurrFA  , code RNN_CurrFA  , description РНН  , Geo.Qazaqstan  , Role.Process.Var  , Info.Process.Pattern  , more 23  , Mark.MD  }| null| WB| 
#53| 2025-11-12T07:52:20.7984| WB.log(List<TemplateDocEngine>), res={id IdKZ_CurrFA  , code IdKZ_CurrFA  , description Удостоверение личности KZ  , Geo.Qazaqstan  , Role.Process.Var  , Info.Process.Pattern  , more 23  , Mark.MD  }| null| WB| 
#54| 2025-11-12T07:52:20.7984| WB.log(List<TemplateDocEngine>), res={id LawAddress_CurrFA  , code LawAddress_CurrFA  , description Юридический адрес  , Geo.Qazaqstan  , Role.Process.Var  , Info.Process.Pattern  , more 23  , Mark.MD  }| null| WB| 
#55| 2025-11-12T07:52:20.7994| WB.log(List<TemplateDocEngine>), res={id RegAddress_CurrFA  , code RegAddress_CurrFA  , description Регистрационный адрес  , Geo.Qazaqstan  , Role.Process.Var  , Info.Process.Pattern  , more 23  , Mark.MD  }| null| WB| 
#56| 2025-11-12T07:52:20.8923| | null| | 
#56| 2025-11-12T07:52:20.8923| User.test.get():List<FaceDto>| null| User| 
#57| 2025-11-12T07:52:20.8943| User.test.get():List<FaceDto>, res.size=4| null| User| 
#58| 2025-11-12T07:52:20.8963| WB.log(List<User>), res={id Face.FA1.User1  , parent Face.FA1  , date1 2025-01-01  , date2 2025-01-31  , code Face.FA1.User1  , description Лицо учета1.User1  , Geo.Astana  , Role.Face.User  , Info.Generic.Basic  , more UserId=1, Password=, StaffTableId=Face.FA1.StaffTable1.Boss, AbcBasic=Face.Basic, Comment=, FullName=, Access=FullAccess,  , Mark.MD  , staffTableId Face.FA1.StaffTable1.Boss  , access FullAccess  }| null| WB| 
#59| 2025-11-12T07:52:20.8963| WB.log(List<User>), res={id Face.FA1.User2  , parent Face.FA1  , date1 2025-01-01  , date2   , code Face.FA1.User2  , description Лицо учета1.User2  , Geo.Astana  , Role.Face.User  , Info.Generic.Basic  , more UserId=2, Password=, StaffTableId=Face.FA1.StaffTable1.Boss, AbcBasic=Face.Basic, Comment=, FullName=, Access=OnLyRead,  , Mark.TD  , staffTableId Face.FA1.StaffTable1.Boss  , access OnLyRead  }| null| WB| 
#60| 2025-11-12T07:52:20.8963| WB.log(List<User>), res={id Face.FA1.User3  , parent Face.FA1  , date1 2025-01-01  , date2   , code Face.FA1.User3  , description Лицо учета1.User3  , Geo.Astana  , Role.Face.User  , Info.Generic.Basic  , more UserId=3, Password=, StaffTableId=Face.FA1.StaffTable1.Boss, AbcBasic=Face.Basic, Comment=, FullName=, Access=Paymaster,  , Mark.TD  , staffTableId Face.FA1.StaffTable1.Boss  , access Paymaster  }| null| WB| 
#61| 2025-11-12T07:52:20.8973| WB.log(List<User>), res={id Face.FA1.User4  , parent Face.FA1  , date1 2025-01-01  , date2   , code Face.FA1.User4  , description Лицо учета1.User4  , Geo.Astana  , Role.Face.User  , Info.Generic.Basic  , more UserId=3, Password=, StaffTableId=Face.FA1.StaffTable1.Boss, AbcBasic=Face.Basic, Comment=, FullName=, Access=Manager,  , Mark.TD  , staffTableId Face.FA1.StaffTable1.Boss  , access Manager  }| null| WB| 
#62| 2025-11-12T07:52:20.8983| | null| | 
#62| 2025-11-12T07:52:20.8983| Access.test.getCurr(4String):boolean| null| Access| 
#63| 2025-11-12T07:52:20.9133| Access.test.getCurr(4String):boolean, res=false, date1=2023-04-05, userId=Face.FA1.User1, user.id=, credential=FullAccess,NoRestriction,Write,BasicContext| null| Access| 
#64| 2025-11-12T07:52:20.9173| Access.test.getCurr(4String):boolean, res=false, date1=2023-04-05, userId=Face.FA1.User1, user.id=, credential=FullAccess,NoRestriction,Write,PawnshopContext| null| Access| 
#65| 2025-11-12T07:52:20.9223| Access.test.getCurr(4String):boolean, res=false, date1=2023-04-05, userId=Face.FA1.User1, user.id=, credential=FullAccess,NoRestriction,Read,BasicContext| null| Access| 
#66| 2025-11-12T07:52:20.9253| Access.test.getCurr(4String):boolean, res=false, date1=2023-04-05, userId=Face.FA1.User1, user.id=, credential=FullAccess,NoRestriction,Read,PawnshopContext| null| Access| 
#67| 2025-11-12T07:52:20.9293| Access.test.getCurr(4String):boolean, res=false, date1=2023-04-05, userId=Face.FA1.User2, user.id=, credential=FullAccess,NoRestriction,Write,BasicContext| null| Access| 
#68| 2025-11-12T07:52:20.9323| Access.test.getCurr(4String):boolean, res=false, date1=2023-04-05, userId=Face.FA1.User2, user.id=, credential=FullAccess,NoRestriction,Write,PawnshopContext| null| Access| 
#69| 2025-11-12T07:52:20.9363| Access.test.getCurr(4String):boolean, res=false, date1=2023-04-05, userId=Face.FA1.User2, user.id=, credential=FullAccess,NoRestriction,Read,BasicContext| null| Access| 
#70| 2025-11-12T07:52:20.9413| Access.test.getCurr(4String):boolean, res=false, date1=2023-04-05, userId=Face.FA1.User2, user.id=, credential=FullAccess,NoRestriction,Read,PawnshopContext| null| Access| 
#71| 2025-11-12T07:52:20.9453| Access.test.getCurr(4String):boolean, res=false, date1=2023-04-05, userId=Face.FA1.User3, user.id=, credential=FullAccess,NoRestriction,Write,BasicContext| null| Access| 
#72| 2025-11-12T07:52:20.9483| Access.test.getCurr(4String):boolean, res=false, date1=2023-04-05, userId=Face.FA1.User3, user.id=, credential=FullAccess,NoRestriction,Write,PawnshopContext| null| Access| 
#73| 2025-11-12T07:52:20.9533| Access.test.getCurr(4String):boolean, res=false, date1=2023-04-05, userId=Face.FA1.User3, user.id=, credential=FullAccess,NoRestriction,Read,BasicContext| null| Access| 
#74| 2025-11-12T07:52:20.9553| Access.test.getCurr(4String):boolean, res=false, date1=2023-04-05, userId=Face.FA1.User3, user.id=, credential=FullAccess,NoRestriction,Read,PawnshopContext| null| Access| 
#75| 2025-11-12T07:52:20.9583| Access.test.getCurr(4String):boolean, res=false, date1=2023-04-05, userId=Face.FA1.User4, user.id=, credential=FullAccess,NoRestriction,Write,BasicContext| null| Access| 
#76| 2025-11-12T07:52:20.9613| Access.test.getCurr(4String):boolean, res=false, date1=2023-04-05, userId=Face.FA1.User4, user.id=, credential=FullAccess,NoRestriction,Write,PawnshopContext| null| Access| 
#77| 2025-11-12T07:52:20.9653| Access.test.getCurr(4String):boolean, res=false, date1=2023-04-05, userId=Face.FA1.User4, user.id=, credential=FullAccess,NoRestriction,Read,BasicContext| null| Access| 
#78| 2025-11-12T07:52:20.9693| Access.test.getCurr(4String):boolean, res=false, date1=2023-04-05, userId=Face.FA1.User4, user.id=, credential=FullAccess,NoRestriction,Read,PawnshopContext| null| Access| 
#79| 2025-11-12T07:52:20.9722| Access.test.getCurr(4String):boolean, res=true, date1=2025-01-01, userId=Face.FA1.User1, user.id=Face.FA1.User1, credential=FullAccess,NoRestriction,Write,BasicContext| null| Access| 
#80| 2025-11-12T07:52:20.9772| Access.test.getCurr(4String):boolean, res=false, date1=2025-01-01, userId=Face.FA1.User1, user.id=Face.FA1.User1, credential=FullAccess,NoRestriction,Write,PawnshopContext| null| Access| 
#81| 2025-11-12T07:52:20.9812| Access.test.getCurr(4String):boolean, res=true, date1=2025-01-01, userId=Face.FA1.User1, user.id=Face.FA1.User1, credential=FullAccess,NoRestriction,Read,BasicContext| null| Access| 
#82| 2025-11-12T07:52:20.9852| Access.test.getCurr(4String):boolean, res=true, date1=2025-01-01, userId=Face.FA1.User1, user.id=Face.FA1.User1, credential=FullAccess,NoRestriction,Read,PawnshopContext| null| Access| 
#83| 2025-11-12T07:52:20.9892| Access.test.getCurr(4String):boolean, res=false, date1=2025-01-01, userId=Face.FA1.User2, user.id=Face.FA1.User2, credential=OnLyRead,OnLyRead,Write,BasicContext| null| Access| 
#84| 2025-11-12T07:52:20.9932| Access.test.getCurr(4String):boolean, res=false, date1=2025-01-01, userId=Face.FA1.User2, user.id=Face.FA1.User2, credential=OnLyRead,OnLyRead,Write,PawnshopContext| null| Access| 
#85| 2025-11-12T07:52:20.9962| Access.test.getCurr(4String):boolean, res=true, date1=2025-01-01, userId=Face.FA1.User2, user.id=Face.FA1.User2, credential=OnLyRead,OnLyRead,Read,BasicContext| null| Access| 
#86| 2025-11-12T07:52:20.9992| Access.test.getCurr(4String):boolean, res=true, date1=2025-01-01, userId=Face.FA1.User2, user.id=Face.FA1.User2, credential=OnLyRead,OnLyRead,Read,PawnshopContext| null| Access| 
#87| 2025-11-12T07:52:21.0032| Access.test.getCurr(4String):boolean, res=false, date1=2025-01-01, userId=Face.FA1.User3, user.id=Face.FA1.User3, credential=Paymaster,Paymaster,Write,BasicContext| null| Access| 
#88| 2025-11-12T07:52:21.0072| Access.test.getCurr(4String):boolean, res=true, date1=2025-01-01, userId=Face.FA1.User3, user.id=Face.FA1.User3, credential=Paymaster,Paymaster,Write,PawnshopContext| null| Access| 
#89| 2025-11-12T07:52:21.0122| Access.test.getCurr(4String):boolean, res=true, date1=2025-01-01, userId=Face.FA1.User3, user.id=Face.FA1.User3, credential=Paymaster,Paymaster,Read,BasicContext| null| Access| 
#90| 2025-11-12T07:52:21.0162| Access.test.getCurr(4String):boolean, res=true, date1=2025-01-01, userId=Face.FA1.User3, user.id=Face.FA1.User3, credential=Paymaster,Paymaster,Read,PawnshopContext| null| Access| 
#91| 2025-11-12T07:52:21.0212| Access.test.getCurr(4String):boolean, res=true, date1=2025-01-01, userId=Face.FA1.User4, user.id=Face.FA1.User4, credential=Manager,Manager,Write,BasicContext| null| Access| 
#92| 2025-11-12T07:52:21.0252| Access.test.getCurr(4String):boolean, res=true, date1=2025-01-01, userId=Face.FA1.User4, user.id=Face.FA1.User4, credential=Manager,Manager,Write,PawnshopContext| null| Access| 
#93| 2025-11-12T07:52:21.0302| Access.test.getCurr(4String):boolean, res=true, date1=2025-01-01, userId=Face.FA1.User4, user.id=Face.FA1.User4, credential=Manager,Manager,Read,BasicContext| null| Access| 
#94| 2025-11-12T07:52:21.0352| Access.test.getCurr(4String):boolean, res=true, date1=2025-01-01, userId=Face.FA1.User4, user.id=Face.FA1.User4, credential=Manager,Manager,Read,PawnshopContext| null| Access| 
#95| 2025-11-12T07:52:21.0382| Access.test.getCurr(4String):boolean, res=true, date1=2025-01-15, userId=Face.FA1.User1, user.id=Face.FA1.User1, credential=FullAccess,NoRestriction,Write,BasicContext| null| Access| 
#96| 2025-11-12T07:52:21.0412| Access.test.getCurr(4String):boolean, res=false, date1=2025-01-15, userId=Face.FA1.User1, user.id=Face.FA1.User1, credential=FullAccess,NoRestriction,Write,PawnshopContext| null| Access| 
#97| 2025-11-12T07:52:21.0452| Access.test.getCurr(4String):boolean, res=true, date1=2025-01-15, userId=Face.FA1.User1, user.id=Face.FA1.User1, credential=FullAccess,NoRestriction,Read,BasicContext| null| Access| 
#98| 2025-11-12T07:52:21.0492| Access.test.getCurr(4String):boolean, res=true, date1=2025-01-15, userId=Face.FA1.User1, user.id=Face.FA1.User1, credential=FullAccess,NoRestriction,Read,PawnshopContext| null| Access| 
#99| 2025-11-12T07:52:21.0522| Access.test.getCurr(4String):boolean, res=false, date1=2025-01-15, userId=Face.FA1.User2, user.id=Face.FA1.User2, credential=OnLyRead,OnLyRead,Write,BasicContext| null| Access| 
#100| 2025-11-12T07:52:21.0562| Access.test.getCurr(4String):boolean, res=false, date1=2025-01-15, userId=Face.FA1.User2, user.id=Face.FA1.User2, credential=OnLyRead,OnLyRead,Write,PawnshopContext| null| Access| 
#101| 2025-11-12T07:52:21.0612| Access.test.getCurr(4String):boolean, res=true, date1=2025-01-15, userId=Face.FA1.User2, user.id=Face.FA1.User2, credential=OnLyRead,OnLyRead,Read,BasicContext| null| Access| 
#102| 2025-11-12T07:52:21.0652| Access.test.getCurr(4String):boolean, res=true, date1=2025-01-15, userId=Face.FA1.User2, user.id=Face.FA1.User2, credential=OnLyRead,OnLyRead,Read,PawnshopContext| null| Access| 
#103| 2025-11-12T07:52:21.0702| Access.test.getCurr(4String):boolean, res=false, date1=2025-01-15, userId=Face.FA1.User3, user.id=Face.FA1.User3, credential=Paymaster,Paymaster,Write,BasicContext| null| Access| 
#104| 2025-11-12T07:52:21.0752| Access.test.getCurr(4String):boolean, res=true, date1=2025-01-15, userId=Face.FA1.User3, user.id=Face.FA1.User3, credential=Paymaster,Paymaster,Write,PawnshopContext| null| Access| 
#105| 2025-11-12T07:52:21.0782| Access.test.getCurr(4String):boolean, res=true, date1=2025-01-15, userId=Face.FA1.User3, user.id=Face.FA1.User3, credential=Paymaster,Paymaster,Read,BasicContext| null| Access| 
#106| 2025-11-12T07:52:21.0832| Access.test.getCurr(4String):boolean, res=true, date1=2025-01-15, userId=Face.FA1.User3, user.id=Face.FA1.User3, credential=Paymaster,Paymaster,Read,PawnshopContext| null| Access| 
#107| 2025-11-12T07:52:21.0862| Access.test.getCurr(4String):boolean, res=true, date1=2025-01-15, userId=Face.FA1.User4, user.id=Face.FA1.User4, credential=Manager,Manager,Write,BasicContext| null| Access| 
#108| 2025-11-12T07:52:21.0892| Access.test.getCurr(4String):boolean, res=true, date1=2025-01-15, userId=Face.FA1.User4, user.id=Face.FA1.User4, credential=Manager,Manager,Write,PawnshopContext| null| Access| 
#109| 2025-11-12T07:52:21.0932| Access.test.getCurr(4String):boolean, res=true, date1=2025-01-15, userId=Face.FA1.User4, user.id=Face.FA1.User4, credential=Manager,Manager,Read,BasicContext| null| Access| 
#110| 2025-11-12T07:52:21.0962| Access.test.getCurr(4String):boolean, res=true, date1=2025-01-15, userId=Face.FA1.User4, user.id=Face.FA1.User4, credential=Manager,Manager,Read,PawnshopContext| null| Access| 
#111| 2025-11-12T07:52:21.0992| Access.test.getCurr(4String):boolean, res=true, date1=2025-01-31, userId=Face.FA1.User1, user.id=Face.FA1.User1, credential=FullAccess,NoRestriction,Write,BasicContext| null| Access| 
#112| 2025-11-12T07:52:21.1022| Access.test.getCurr(4String):boolean, res=false, date1=2025-01-31, userId=Face.FA1.User1, user.id=Face.FA1.User1, credential=FullAccess,NoRestriction,Write,PawnshopContext| null| Access| 
#113| 2025-11-12T07:52:21.1052| Access.test.getCurr(4String):boolean, res=true, date1=2025-01-31, userId=Face.FA1.User1, user.id=Face.FA1.User1, credential=FullAccess,NoRestriction,Read,BasicContext| null| Access| 
#114| 2025-11-12T07:52:21.1092| Access.test.getCurr(4String):boolean, res=true, date1=2025-01-31, userId=Face.FA1.User1, user.id=Face.FA1.User1, credential=FullAccess,NoRestriction,Read,PawnshopContext| null| Access| 
#115| 2025-11-12T07:52:21.1132| Access.test.getCurr(4String):boolean, res=false, date1=2025-01-31, userId=Face.FA1.User2, user.id=Face.FA1.User2, credential=OnLyRead,OnLyRead,Write,BasicContext| null| Access| 
#116| 2025-11-12T07:52:21.1162| Access.test.getCurr(4String):boolean, res=false, date1=2025-01-31, userId=Face.FA1.User2, user.id=Face.FA1.User2, credential=OnLyRead,OnLyRead,Write,PawnshopContext| null| Access| 
#117| 2025-11-12T07:52:21.1192| Access.test.getCurr(4String):boolean, res=true, date1=2025-01-31, userId=Face.FA1.User2, user.id=Face.FA1.User2, credential=OnLyRead,OnLyRead,Read,BasicContext| null| Access| 
#118| 2025-11-12T07:52:21.1222| Access.test.getCurr(4String):boolean, res=true, date1=2025-01-31, userId=Face.FA1.User2, user.id=Face.FA1.User2, credential=OnLyRead,OnLyRead,Read,PawnshopContext| null| Access| 
#119| 2025-11-12T07:52:21.1262| Access.test.getCurr(4String):boolean, res=false, date1=2025-01-31, userId=Face.FA1.User3, user.id=Face.FA1.User3, credential=Paymaster,Paymaster,Write,BasicContext| null| Access| 
#120| 2025-11-12T07:52:21.1292| Access.test.getCurr(4String):boolean, res=true, date1=2025-01-31, userId=Face.FA1.User3, user.id=Face.FA1.User3, credential=Paymaster,Paymaster,Write,PawnshopContext| null| Access| 
#121| 2025-11-12T07:52:21.1322| Access.test.getCurr(4String):boolean, res=true, date1=2025-01-31, userId=Face.FA1.User3, user.id=Face.FA1.User3, credential=Paymaster,Paymaster,Read,BasicContext| null| Access| 
#122| 2025-11-12T07:52:21.1352| Access.test.getCurr(4String):boolean, res=true, date1=2025-01-31, userId=Face.FA1.User3, user.id=Face.FA1.User3, credential=Paymaster,Paymaster,Read,PawnshopContext| null| Access| 
#123| 2025-11-12T07:52:21.1381| Access.test.getCurr(4String):boolean, res=true, date1=2025-01-31, userId=Face.FA1.User4, user.id=Face.FA1.User4, credential=Manager,Manager,Write,BasicContext| null| Access| 
#124| 2025-11-12T07:52:21.1401| Access.test.getCurr(4String):boolean, res=true, date1=2025-01-31, userId=Face.FA1.User4, user.id=Face.FA1.User4, credential=Manager,Manager,Write,PawnshopContext| null| Access| 
#125| 2025-11-12T07:52:21.1421| Access.test.getCurr(4String):boolean, res=true, date1=2025-01-31, userId=Face.FA1.User4, user.id=Face.FA1.User4, credential=Manager,Manager,Read,BasicContext| null| Access| 
#126| 2025-11-12T07:52:21.1451| Access.test.getCurr(4String):boolean, res=true, date1=2025-01-31, userId=Face.FA1.User4, user.id=Face.FA1.User4, credential=Manager,Manager,Read,PawnshopContext| null| Access| 
#127| 2025-11-12T07:52:21.1481| Access.test.getCurr(4String):boolean, res=false, date1=2025-08-15, userId=Face.FA1.User1, user.id=, credential=FullAccess,NoRestriction,Write,BasicContext| null| Access| 
#128| 2025-11-12T07:52:21.1501| Access.test.getCurr(4String):boolean, res=false, date1=2025-08-15, userId=Face.FA1.User1, user.id=, credential=FullAccess,NoRestriction,Write,PawnshopContext| null| Access| 
#129| 2025-11-12T07:52:21.1531| Access.test.getCurr(4String):boolean, res=false, date1=2025-08-15, userId=Face.FA1.User1, user.id=, credential=FullAccess,NoRestriction,Read,BasicContext| null| Access| 
#130| 2025-11-12T07:52:21.1551| Access.test.getCurr(4String):boolean, res=false, date1=2025-08-15, userId=Face.FA1.User1, user.id=, credential=FullAccess,NoRestriction,Read,PawnshopContext| null| Access| 
#131| 2025-11-12T07:52:21.1591| Access.test.getCurr(4String):boolean, res=false, date1=2025-08-15, userId=Face.FA1.User2, user.id=Face.FA1.User2, credential=OnLyRead,OnLyRead,Write,BasicContext| null| Access| 
#132| 2025-11-12T07:52:21.1611| Access.test.getCurr(4String):boolean, res=false, date1=2025-08-15, userId=Face.FA1.User2, user.id=Face.FA1.User2, credential=OnLyRead,OnLyRead,Write,PawnshopContext| null| Access| 
#133| 2025-11-12T07:52:21.1641| Access.test.getCurr(4String):boolean, res=true, date1=2025-08-15, userId=Face.FA1.User2, user.id=Face.FA1.User2, credential=OnLyRead,OnLyRead,Read,BasicContext| null| Access| 
#134| 2025-11-12T07:52:21.1671| Access.test.getCurr(4String):boolean, res=true, date1=2025-08-15, userId=Face.FA1.User2, user.id=Face.FA1.User2, credential=OnLyRead,OnLyRead,Read,PawnshopContext| null| Access| 
#135| 2025-11-12T07:52:21.1711| Access.test.getCurr(4String):boolean, res=false, date1=2025-08-15, userId=Face.FA1.User3, user.id=Face.FA1.User3, credential=Paymaster,Paymaster,Write,BasicContext| null| Access| 
#136| 2025-11-12T07:52:21.1741| Access.test.getCurr(4String):boolean, res=true, date1=2025-08-15, userId=Face.FA1.User3, user.id=Face.FA1.User3, credential=Paymaster,Paymaster,Write,PawnshopContext| null| Access| 
#137| 2025-11-12T07:52:21.1771| Access.test.getCurr(4String):boolean, res=true, date1=2025-08-15, userId=Face.FA1.User3, user.id=Face.FA1.User3, credential=Paymaster,Paymaster,Read,BasicContext| null| Access| 
#138| 2025-11-12T07:52:21.1791| Access.test.getCurr(4String):boolean, res=true, date1=2025-08-15, userId=Face.FA1.User3, user.id=Face.FA1.User3, credential=Paymaster,Paymaster,Read,PawnshopContext| null| Access| 
#139| 2025-11-12T07:52:21.1811| Access.test.getCurr(4String):boolean, res=true, date1=2025-08-15, userId=Face.FA1.User4, user.id=Face.FA1.User4, credential=Manager,Manager,Write,BasicContext| null| Access| 
#140| 2025-11-12T07:52:21.1841| Access.test.getCurr(4String):boolean, res=true, date1=2025-08-15, userId=Face.FA1.User4, user.id=Face.FA1.User4, credential=Manager,Manager,Write,PawnshopContext| null| Access| 
#141| 2025-11-12T07:52:21.1861| Access.test.getCurr(4String):boolean, res=true, date1=2025-08-15, userId=Face.FA1.User4, user.id=Face.FA1.User4, credential=Manager,Manager,Read,BasicContext| null| Access| 
#142| 2025-11-12T07:52:21.1891| Access.test.getCurr(4String):boolean, res=true, date1=2025-08-15, userId=Face.FA1.User4, user.id=Face.FA1.User4, credential=Manager,Manager,Read,PawnshopContext| null| Access| 
#144| 2025-11-12T07:52:21.2141| WB.getLocalEnd, durationLocal=2008 ms, WB.main, end | null| WB| 
#145| 2025-11-12T07:52:24.7949| | null| | 
#145| 2025-11-12T07:52:24.7959| Command.exit| null| Command| 

