#1| 2024-12-22T17:48:51.7196| WB.static ctor block init, WB.abcGlobal={basic=141, template=5, update=16, debt=46, publicHoliday=18, extraDayOff=6, accountMatching=60, accountClosing=4, }| block2024\User| WB| 
#2| 2024-12-22T17:48:51.7336| WB.static ctor block init, WB.abcTemplate={basic=1060, root=16, table=2, catalog=61, codePay=3, template=14, update=5, sectoral=40, sectoralPawnshop=40, listVal=4, rule=6, expectedValue=95, custom=1, FA=11, currFA=1, infoBaseId=1, item=40, debt=98, unit=64, meter=33, geo=16, price=11, role=166, info=162, slice=13, mark=7, sign=51, account=347, }| block2024\User| WB| 
#3| 2024-12-22T17:48:51.7346| WB.getGlobalStart, eventGlobalStart=2024-12-22T17:48:51.7336| block2024\User| WB| 
#6| 2024-12-22T17:48:51.8586| WB.getLocalEnd, durationLocal=106 ms, Conn.getLast, WB.abcLast={basic=1059, root=16, table=2, catalog=61, codePay=3, template=14, update=5, sectoral=40, sectoralPawnshop=40, listVal=4, rule=6, expectedValue=95, custom=1, FA=11, currFA=1, infoBaseId=1, item=40, debt=98, unit=64, meter=33, geo=16, price=11, role=166, info=162, slice=13, mark=7, sign=51, account=347, }| block2024\User| WB| 
#7| 2024-12-22T17:48:51.8976| Conn.readDatabaseLocal, finally localPath=E:\WorkbookBasic\WB\local\DatabaseLocal_2024_01_10T09_51_53.338_.sqlite3, finally WB.abcLocal={basic=17, sourceExtFile=4, registerOrg=2, workOutside=4, collector=1, idGen=5, userManualLocal=1, }| block2024\User| Conn| 
#12| 2024-12-22T17:48:51.8976| WB.init, end| block2024\User| WB| 
#15| 2024-12-22T17:48:51.9316| Abc.getRoot, ex=null| block2024\User| Abc| 
#38| 2024-12-22T17:48:52.7347| Conv.getDouble, ex=For input string: "00Fkmaf"| block2024\User| Conv| 
#39| 2024-12-22T17:48:52.7357| Etc.strEquals, ex=Cannot invoke "String.isEmpty()" because "str1" is null, res=false| block2024\User| Etc| 
#40| 2024-12-22T17:48:52.7357| SPL.getDigit, ex=Cannot invoke "String.length()" because "str" is null| block2024\User| SPL| 
#42| 2024-12-22T17:48:52.7777| GUI.getFrameBasic, frame.getName=frame0| block2024\User| GUI| 
#43| 2024-12-22T17:48:52.7777| WB.getLocalEnd, durationLocal=1044 ms, WB.main, end | block2024\User| WB| 
#45| 2024-12-22T17:48:55.3808| WB.getEventEnd, eventGlobalEnd=2024-12-22T17:48:55.3808| block2024\User| WB| 
#46| 2024-12-22T17:48:55.3818| WB.getEventEnd, durationGlobal=3647 ms| block2024\User| WB| 
Log detail
#4| 2024-12-22T17:48:51.7456| Conn.getDbList, Conn.work=[E:\WorkbookBasic\WB\MyWorkBase1.sqlite3]| block2024\User| Conn| 
#5| 2024-12-22T17:48:51.7456| Conn.getDbList, Conn.systemFact=[E:\WorkbookBasic\WB\DatabaseGlobal.sqlite3, E:\WorkbookBasic\WB\DatabaseTemplate.sqlite3]| block2024\User| Conn| 
#8| 2024-12-22T17:48:51.8976| WB.init, java.version=21.0.1| block2024\User| WB| 
#9| 2024-12-22T17:48:51.8976| WB.init, java.home=C:\openjdk\jdk-21.0.1| block2024\User| WB| 
#10| 2024-12-22T17:48:51.8976| WB.init, java.class.path=E:\WorkbookBasic\WB\bin| block2024\User| WB| 
#11| 2024-12-22T17:48:51.8976| WB.init, os.name=Windows 7| block2024\User| WB| 
#13| 2024-12-22T17:48:51.8986| WB.init, end| block2024\User| WB| 
#14| 2024-12-22T17:48:51.9266| Asset.test.ctor()={, table Asset, , id [IB1][2024-12-22T17:48:51][#80288], }| block2024\User| Asset| 
#16| 2024-12-22T17:48:51.9646| Deal.test.ctor(codeTemplate), dealTemplate1.template.size=4{, , , , , [], [], , , , , , }}, this.src.code=Deal.Face.Pawnshop.Template1| block2024\User| Deal| 
#17| 2024-12-22T17:48:51.9676| Debt.getRate, res=12.0, currDate=2024-12-22, code=Debt.VAT.Sell.RateBasic| block2024\User| Debt| 
#18| 2024-12-22T17:48:51.9756| Debt.test.ctor(String)={src , , table Debt, , id Debt, , code Debt, , description DebtData, , Geo., , more AbcBasic=Debt.Basic,AbcRoot=Debt.Root,, , isExist false, , isValid true, }| block2024\User| Debt| 
#19| 2024-12-22T17:48:51.9756| Debt.test.ctor(String)={src Debt.GFSS, , table Debt, , id Debt.GFSS, , parent Debt, , date1 2024-12-22, , code Debt.GFSS, , description ГФСС, , Geo.Qazaqstan, , Role.Entity.SalarySheet, , Info.Tax.QuarterReportingCycle, , more AbcBasic=Debt.Basic,, , upper 1, , lower 4, , isExist true, , isValid true, }| block2024\User| Debt| 
#20| 2024-12-22T17:48:51.9766| Debt.test.ctor(String)={src Debt.IncomePerson.Base, , table Debt, , id Debt.IncomePerson.Base, , parent Debt.IncomePerson, , date1 2024-12-22, , code Debt.IncomePerson.Base, , description База ИПН, , Geo.Qazaqstan, , Role.TaxBase.SalaryNetto1, , Info.Tax.MonthBillingCycle, , more AbcBasic=Debt.Basic,, , upper 2, , lower 3, , isExist true, , isValid true, }| block2024\User| Debt| 
#21| 2024-12-22T17:48:51.9766| Debt.test.ctor(String)={src Debt.tralala, , table Debt, , id Debt.tralala, , code Debt.tralala, , description DebtData, , Geo., , more AbcBasic=Debt.Basic,AbcRoot=Debt.Root,, , isExist false, , isValid false, }| block2024\User| Debt| 
#22| 2024-12-22T17:48:51.9766| Debt.test.ctor(String)={src Debt.Pension.OPVR.RateBasic2024, , table Debt, , id Debt.Pension.OPVR.RateBasic2024, , Slice.Norm, , date1 2024-01-01, , date2 2024-12-31, , code Debt.Pension.OPVR.RateBasic2024, , description Осн ставка ОПВР, , Geo.Qazaqstan, , more AbcBasic=Debt.Basic,AbcUpdate=Workbook.Update,, , isExist true, , isValid false, }| block2024\User| Debt| 
#23| 2024-12-22T17:48:51.9946| TemplateDoc.build(String in)=[{id id1, }, {id id2, }]| block2024\User| TemplateDoc| 
#24| 2024-12-22T17:48:52.7027| MoreVal.test.ctor1, mv1=IIN=123456789012;Sex=male;, mv1.val.size=2, mv1.src=IIN=123456789012;Sex=male;| block2024\User| MoreVal| 
#25| 2024-12-22T17:48:52.7037| MoreVal.test.getFieldByKey, res=Meter.ExpectedDouble, initMore=AbcBasic=Meter.Basic,AbcExpectedValue=Meter.ExpectedDouble,, key=AbcExpectedValue| block2024\User| MoreVal| 
#26| 2024-12-22T17:48:52.7227| SPL.test.ctor1, spl1={context amount, src 0.13, partFractional 13, valDbl 0.13, decryptionWhole тенге, decryptionFractional тиын, numberWord десять три  тенге тиын, }| block2024\User| SPL| 
#27| 2024-12-22T17:48:52.7237| SPL.test.ctor1, spl1={context amount, src 7, partWhole 7, valDbl 7.0, decryptionWhole тенге, decryptionFractional тиын, numberWord семь  тенге тиын, }| block2024\User| SPL| 
#28| 2024-12-22T17:48:52.7247| SPL.test.ctor1, spl1={context amount, src 16, partWhole 16, valDbl 16.0, decryptionWhole тенге, decryptionFractional тиын, numberWord десять шесть  тенге тиын, }| block2024\User| SPL| 
#29| 2024-12-22T17:48:52.7257| SPL.test.ctor1, spl1={context amount, src 93, partWhole 93, valDbl 93.0, decryptionWhole тенге, decryptionFractional тиын, numberWord девяносто три  тенге тиын, }| block2024\User| SPL| 
#30| 2024-12-22T17:48:52.7257| SPL.test.ctor1, spl1={context amount, src 713, partWhole 713, valDbl 713.0, decryptionWhole тенге, decryptionFractional тиын, numberWord семьсот десять три  тенге тиын, }| block2024\User| SPL| 
#31| 2024-12-22T17:48:52.7267| SPL.test.ctor1, spl1={context amount, src 7894.1356, partWhole 7894, partFractional 1356, valDbl 7894.1356, decryptionWhole тенге, decryptionFractional тиын, numberWord десять три миллиона пятьсот шестьдесят семь тысяч восемьсот девяносто четыре  тенге тиын, }| block2024\User| SPL| 
#32| 2024-12-22T17:48:52.7277| SPL.test.ctor1, spl1={context amount, src 564.13, partWhole 564, partFractional 13, valDbl 564.13, decryptionWhole тенге, decryptionFractional тиын, numberWord десять три тысячи пятьсот шестьдесят четыре  тенге тиын, }| block2024\User| SPL| 
#33| 2024-12-22T17:48:52.7287| SPL.test.ctor1, spl1={context amount, src 7155674.89, partWhole 7155674, partFractional 89, valDbl 7155674.89, decryptionWhole тенге, decryptionFractional тиын, numberWord восемьсот девяносто семь миллионов сто пятьдесят пять тысяч шестьсот семьдесят четыре  тенге тиын, }| block2024\User| SPL| 
#34| 2024-12-22T17:48:52.7307| SPL.test.ctor1, spl1={context amount, src 109090965, partWhole 109090965, valDbl 1.09090965E8, decryptionWhole тенге, decryptionFractional тиын, numberWord сто  девять миллионов  девяносто тысяч девятьсот шестьдесят пять  тенге тиын, }| block2024\User| SPL| 
#35| 2024-12-22T17:48:52.7327| SPL.test.ctor1, spl1={context amount, src 4578109090965, partWhole 4578109090965, valDbl 4.578109090965E12, decryptionWhole тенге, decryptionFractional тиын, numberWord четыре триллиона пятьсот семьдесят восемь миллиардов сто  девять миллионов  девяносто тысяч девятьсот шестьдесят пять  тенге тиын, }| block2024\User| SPL| 
#36| 2024-12-22T17:48:52.7327| SPL.test.ctor1, spl1={context amount, src 03, partWhole 3, valDbl 3.0, decryptionWhole тенге, decryptionFractional тиын, numberWord три  тенге тиын, }| block2024\User| SPL| 
#37| 2024-12-22T17:48:52.7337| SPL.test.ctor1, spl1={context amount, src 5100, partWhole 5100, valDbl 5100.0, decryptionWhole тенге, decryptionFractional тиын, numberWord пять тысяч сто    тенге тиын, }| block2024\User| SPL| 
#41| 2024-12-22T17:48:52.7357| SPL.test.ctor1, spl1={context amount, src 00Fkmaf, valStr 00Fkmaf, }| block2024\User| SPL| 
#44| 2024-12-22T17:48:55.3808| Command.exit| block2024\User| Command| 

