#1| 2024-11-25T17:47:59.9136| WB.static ctor block init, WB.abcGlobal={basic=138, template=5, update=14, debt=5, publicHoliday=18, extraDayOff=6, accountMatching=59, accountTableClosing=4, }| block2024\User| WB| 
#2| 2024-11-25T17:47:59.9266| WB.static ctor block init, WB.abcTemplate={basic=1059, root=16, table=2, catalog=61, codePay=3, template=14, update=5, sectoral=40, sectoralPawnshop=40, listVal=4, rule=6, expectedValue=95, custom=1, FA=11, currFA=1, infoBaseId=1, debt=98, unit=64, meter=33, }| block2024\User| WB| 
#3| 2024-11-25T17:47:59.9276| WB.getGlobalStart, eventGlobalStart=2024-11-25T17:47:59.9266| block2024\User| WB| 
#6| 2024-11-25T17:48:00.0706| WB.getLocalEnd, durationLocal=120 ms, Conn.getLast, WB.abcLast={basic=1058, root=16, table=2, catalog=61, codePay=3, template=14, update=5, sectoral=40, sectoralPawnshop=40, listVal=4, rule=6, expectedValue=95, custom=1, FA=11, currFA=1, infoBaseId=1, debt=98, unit=64, meter=33, }| block2024\User| WB| 
#7| 2024-11-25T17:48:00.1156| Conn.readDatabaseLocal, finally localPath=E:\WorkbookBasic\WB\local\DatabaseLocal_2024_01_10T09_51_53.338_.sqlite3, finally WB.abcLocal={basic=17, sourceExtFile=4, registerOrg=2, workOutside=4, collector=1, idGen=5, userManualLocal=1, }| block2024\User| Conn| 
#12| 2024-11-25T17:48:00.1166| WB.init, end| block2024\User| WB| 
#59| 2024-11-25T17:48:00.9617| Conv.getDouble, ex=For input string: "00Fkmaf"| block2024\User| Conv| 
#60| 2024-11-25T17:48:00.9617| Etc.strEquals, ex=Cannot invoke "String.isEmpty()" because "str1" is null, res=false| block2024\User| Etc| 
#61| 2024-11-25T17:48:00.9627| SPL.getDigit, ex=Cannot invoke "String.length()" because "str" is null| block2024\User| SPL| 
#63| 2024-11-25T17:48:01.0007| GUI.getFrameBasic, frame.getName=frame0| block2024\User| GUI| 
#64| 2024-11-25T17:48:01.0007| WB.getLocalEnd, durationLocal=1074 ms, WB.main, end | block2024\User| WB| 
#66| 2024-11-25T17:48:04.9449| WB.getEventEnd, eventGlobalEnd=2024-11-25T17:48:04.9449| block2024\User| WB| 
#67| 2024-11-25T17:48:04.9449| WB.getEventEnd, durationGlobal=5018 ms| block2024\User| WB| 
Log detail
#4| 2024-11-25T17:47:59.9406| Conn.getDbList, Conn.work=[E:\WorkbookBasic\WB\MyWorkBase1.sqlite3]| block2024\User| Conn| 
#5| 2024-11-25T17:47:59.9416| Conn.getDbList, Conn.systemFact=[E:\WorkbookBasic\WB\DatabaseGlobal.sqlite3, E:\WorkbookBasic\WB\DatabaseTemplate.sqlite3]| block2024\User| Conn| 
#8| 2024-11-25T17:48:00.1166| WB.init, java.version=21.0.1| block2024\User| WB| 
#9| 2024-11-25T17:48:00.1166| WB.init, java.home=C:\openjdk\jdk-21.0.1| block2024\User| WB| 
#10| 2024-11-25T17:48:00.1166| WB.init, java.class.path=E:\WorkbookBasic\WB\bin| block2024\User| WB| 
#11| 2024-11-25T17:48:00.1166| WB.init, os.name=Windows 7| block2024\User| WB| 
#13| 2024-11-25T17:48:00.1166| WB.init, end| block2024\User| WB| 
#14| 2024-11-25T17:48:00.1506| Asset.test.ctor()={liquidationValue 0.0, estimatedValue 0.0, depreciationRate 0.0 %, usefulLife 0.0 год, standardUsefulLife 0.0 год, table Asset, id [IB1][2024-11-25T17:48:00][#10203], }| block2024\User| Asset| 
#15| 2024-11-25T17:48:00.1836| Deal.test.ctor(codeTemplate), dealTemplate1.template.size=4{, null, null, null, null, [], [], , , null, null, [], }}, this.src.code=Deal.Face.Pawnshop.Template1| block2024\User| Deal| 
#16| 2024-11-25T17:48:00.1956| Debt.test.getSegment, res=0.0, testArg1=2023-11-25, testArg2={table Debt, id Debt.Pension.OPVR, parent Debt.Pension, date1 2024-01-01, code Debt.Pension.OPVR, description ОПВ работодателя, geo Geo.Qazaqstan, role Role.Entity.SalarySheet, info Info.Tax.QuarterReportingCycle, more AbcBasic=Debt.Basic;AbcUpdate=Debt.Update;, }| block2024\User| Debt| 
#17| 2024-11-25T17:48:00.1966| Debt.test.getSegment, res=0.0, testArg1=2024-11-25, testArg2={table Debt, id Debt.Pension.OPVR, parent Debt.Pension, date1 2024-01-01, code Debt.Pension.OPVR, description ОПВ работодателя, geo Geo.Qazaqstan, role Role.Entity.SalarySheet, info Info.Tax.QuarterReportingCycle, more AbcBasic=Debt.Basic;AbcUpdate=Debt.Update;, }| block2024\User| Debt| 
#18| 2024-11-25T17:48:00.1976| Debt.test.getSegment, res=0.0, testArg1=2023-11-25, testArg2={table Debt, id Debt.Pension.OPVR.Base.MinLimit, parent Debt.Pension.OPVR, date1 2024-01-01, code Debt.Pension.OPVR.Base.MinLimit, description Мин лимит базы ОПВР, geo Geo.Qazaqstan, role Role.Generic.Variant, info Info.Tax.MinBaseLimit, more AbcBasic=Debt.Basic;AbcUpdate=Debt.Update;, }| block2024\User| Debt| 
#19| 2024-11-25T17:48:00.1986| Debt.test.getSegment, res=0.0, testArg1=2024-11-25, testArg2={table Debt, id Debt.Pension.OPVR.Base.MinLimit, parent Debt.Pension.OPVR, date1 2024-01-01, code Debt.Pension.OPVR.Base.MinLimit, description Мин лимит базы ОПВР, geo Geo.Qazaqstan, role Role.Generic.Variant, info Info.Tax.MinBaseLimit, more AbcBasic=Debt.Basic;AbcUpdate=Debt.Update;, }| block2024\User| Debt| 
#20| 2024-11-25T17:48:00.1996| Debt.test.getSegment, res=0.0, testArg1=2023-11-25, testArg2={table Debt, id Debt.Pension.OPVR.Base.MaxLimit, parent Debt.Pension.OPVR, date1 2024-01-01, code Debt.Pension.OPVR.Base.MaxLimit, description Макс лимит базы ОПВР, geo Geo.Qazaqstan, role Role.Generic.Variant, info Info.Tax.MaxBaseLimit, more AbcBasic=Debt.Basic;AbcUpdate=Debt.Update;, }| block2024\User| Debt| 
#21| 2024-11-25T17:48:00.2006| Debt.test.getSegment, res=0.0, testArg1=2024-11-25, testArg2={table Debt, id Debt.Pension.OPVR.Base.MaxLimit, parent Debt.Pension.OPVR, date1 2024-01-01, code Debt.Pension.OPVR.Base.MaxLimit, description Макс лимит базы ОПВР, geo Geo.Qazaqstan, role Role.Generic.Variant, info Info.Tax.MaxBaseLimit, more AbcBasic=Debt.Basic;AbcUpdate=Debt.Update;, }| block2024\User| Debt| 
#22| 2024-11-25T17:48:00.2026| Debt.test.getSegment, res=0.0, testArg1=2023-11-25, testArg2={table Debt, id Debt.Pension.OPVR.RateBasic, parent Debt.Pension.OPVR, date1 2024-01-01, code Debt.Pension.OPVR.RateBasic, description Осн ставка ОПВР, geo Geo.Qazaqstan, role Role.Generic.Basic, info Info.Tax.RateBasic, more AbcBasic=Debt.Basic;AbcUpdate=Debt.Update;, }| block2024\User| Debt| 
#23| 2024-11-25T17:48:00.2046| Debt.test.getSegment, res=0.0, testArg1=2024-11-25, testArg2={table Debt, id Debt.Pension.OPVR.RateBasic, parent Debt.Pension.OPVR, date1 2024-01-01, code Debt.Pension.OPVR.RateBasic, description Осн ставка ОПВР, geo Geo.Qazaqstan, role Role.Generic.Basic, info Info.Tax.RateBasic, more AbcBasic=Debt.Basic;AbcUpdate=Debt.Update;, }| block2024\User| Debt| 
#24| 2024-11-25T17:48:00.2066| Debt.test.getSegment, res=0.0, testArg1=2023-11-25, testArg2={table Debt, id Debt.Pension.OPVR.KNP.089, parent Debt.Pension.OPVR, date1 2024-01-01, code Debt.Pension.OPVR.KNP.089, description 089 - обяз пенс взносы работодателя, geo Geo.Qazaqstan, role Role.Entity.PayOrder, info Info.Code.KNP, more FullName=Обязательные пенсионные взносы работодателя;AbcBasic=Debt.Basic;AbcUpdate=Debt.Update;, }| block2024\User| Debt| 
#25| 2024-11-25T17:48:00.2076| Debt.test.getSegment, res=0.0, testArg1=2024-11-25, testArg2={table Debt, id Debt.Pension.OPVR.KNP.089, parent Debt.Pension.OPVR, date1 2024-01-01, code Debt.Pension.OPVR.KNP.089, description 089 - обяз пенс взносы работодателя, geo Geo.Qazaqstan, role Role.Entity.PayOrder, info Info.Code.KNP, more FullName=Обязательные пенсионные взносы работодателя;AbcBasic=Debt.Basic;AbcUpdate=Debt.Update;, }| block2024\User| Debt| 
#26| 2024-11-25T17:48:00.2137| Debt.test.getSumTax, res=3692.0, baseTax=100.0, RateTax=3692.0| block2024\User| Debt| 
#27| 2024-11-25T17:48:00.2167| Debt.test.getSumTax, res=20949.52, baseTax=567.43, RateTax=3692.0| block2024\User| Debt| 
#28| 2024-11-25T17:48:00.2187| Debt.test.getSumTax, res=0.0, baseTax=0.0, RateTax=3692.0| block2024\User| Debt| 
#29| 2024-11-25T17:48:00.2217| Debt.test.getSumTax, res=11946.0, baseTax=323.56452, RateTax=3692.0| block2024\User| Debt| 
#30| 2024-11-25T17:48:00.2247| Debt.test.subtractInnerTax, res=2.95, sumWithTax=112.0, rateTax=3692.0| block2024\User| Debt| 
#31| 2024-11-25T17:48:00.2287| Debt.test.subtractInnerTax, res=14.97, sumWithTax=567.68, rateTax=3692.0| block2024\User| Debt| 
#32| 2024-11-25T17:48:00.2307| Debt.test.subtractInnerTax, res=0.0, sumWithTax=0.0, rateTax=3692.0| block2024\User| Debt| 
#33| 2024-11-25T17:48:00.2327| Debt.test.subtractInnerTax, res=9.05, sumWithTax=342.8456, rateTax=3692.0| block2024\User| Debt| 
#34| 2024-11-25T17:48:00.2357| Debt.test.addOutsideTax, res=3792.0, sumLessTax=100.0, rateTax=3692.0| block2024\User| Debt| 
#35| 2024-11-25T17:48:00.2387| Debt.test.addOutsideTax, res=21516.95, sumLessTax=567.43, rateTax=3692.0| block2024\User| Debt| 
#36| 2024-11-25T17:48:00.2397| Debt.test.addOutsideTax, res=0.0, sumLessTax=0.0, rateTax=3692.0| block2024\User| Debt| 
#37| 2024-11-25T17:48:00.2417| Debt.test.addOutsideTax, res=12269.56452, sumLessTax=323.56452, rateTax=3692.0| block2024\User| Debt| 
#38| 2024-11-25T17:48:00.2437| Debt.test.getInnerTax, res=109.05, sumWithTax=112.0, rateTax=3692.0| block2024\User| Debt| 
#39| 2024-11-25T17:48:00.2457| Debt.test.getInnerTax, res=552.71, sumWithTax=567.68, rateTax=3692.0| block2024\User| Debt| 
#40| 2024-11-25T17:48:00.2467| Debt.test.getInnerTax, res=0.0, sumWithTax=0.0, rateTax=3692.0| block2024\User| Debt| 
#41| 2024-11-25T17:48:00.2477| Debt.test.getInnerTax, res=333.8, sumWithTax=342.8456, rateTax=3692.0| block2024\User| Debt| 
#42| 2024-11-25T17:48:00.2597| Face.test.ctor()={Face, , , , , , , , , , , }| block2024\User| Face| 
#43| 2024-11-25T17:48:00.2827| Unit.test.ctor()={Unit, Unit, , , , Unit, UnitData, , }, isExist=true, isValid=false| block2024\User| Unit| 
#44| 2024-11-25T17:48:00.2847| Unit.test.ctor('Unit.tralala')={Unit, Unit.tralala, , , , Unit.tralala, UnitData, , }, isExist=false, isValid=false| block2024\User| Unit| 
#45| 2024-11-25T17:48:00.2857| Unit.test.ctor('Unit.KZT')={Unit, Unit.KZT, Unit.CurrUnit, , , Unit.KZT, KZT, Role.Currency.AccountingCurrency, FullName=казахстанский тенге;AbcBasic=Unit.Basic;AbcExpectedValue=Unit.ExpectedDouble;}, isExist=true, isValid=true| block2024\User| Unit| 
#46| 2024-11-25T17:48:00.2937| TemplateDoc.build(String in)=[{id id1, }, {id id2, }]| block2024\User| TemplateDoc| 
#47| 2024-11-25T17:48:00.9517| SPL.test.ctor1, spl1={context amount, src 0.13, partFractional 13, valDbl 0.13, decryptionWhole тенге, decryptionFractional тиын, numberWord десять три  тенге тиын, }| block2024\User| SPL| 
#48| 2024-11-25T17:48:00.9527| SPL.test.ctor1, spl1={context amount, src 7, partWhole 7, valDbl 7.0, decryptionWhole тенге, decryptionFractional тиын, numberWord семь  тенге тиын, }| block2024\User| SPL| 
#49| 2024-11-25T17:48:00.9527| SPL.test.ctor1, spl1={context amount, src 16, partWhole 16, valDbl 16.0, decryptionWhole тенге, decryptionFractional тиын, numberWord десять шесть  тенге тиын, }| block2024\User| SPL| 
#50| 2024-11-25T17:48:00.9527| SPL.test.ctor1, spl1={context amount, src 93, partWhole 93, valDbl 93.0, decryptionWhole тенге, decryptionFractional тиын, numberWord девяносто три  тенге тиын, }| block2024\User| SPL| 
#51| 2024-11-25T17:48:00.9537| SPL.test.ctor1, spl1={context amount, src 713, partWhole 713, valDbl 713.0, decryptionWhole тенге, decryptionFractional тиын, numberWord семьсот десять три  тенге тиын, }| block2024\User| SPL| 
#52| 2024-11-25T17:48:00.9547| SPL.test.ctor1, spl1={context amount, src 7894.1356, partWhole 7894, partFractional 1356, valDbl 7894.1356, decryptionWhole тенге, decryptionFractional тиын, numberWord десять три миллиона пятьсот шестьдесят семь тысяч восемьсот девяносто четыре  тенге тиын, }| block2024\User| SPL| 
#53| 2024-11-25T17:48:00.9547| SPL.test.ctor1, spl1={context amount, src 564.13, partWhole 564, partFractional 13, valDbl 564.13, decryptionWhole тенге, decryptionFractional тиын, numberWord десять три тысячи пятьсот шестьдесят четыре  тенге тиын, }| block2024\User| SPL| 
#54| 2024-11-25T17:48:00.9557| SPL.test.ctor1, spl1={context amount, src 7155674.89, partWhole 7155674, partFractional 89, valDbl 7155674.89, decryptionWhole тенге, decryptionFractional тиын, numberWord восемьсот девяносто семь миллионов сто пятьдесят пять тысяч шестьсот семьдесят четыре  тенге тиын, }| block2024\User| SPL| 
#55| 2024-11-25T17:48:00.9567| SPL.test.ctor1, spl1={context amount, src 109090965, partWhole 109090965, valDbl 1.09090965E8, decryptionWhole тенге, decryptionFractional тиын, numberWord сто  девять миллионов  девяносто тысяч девятьсот шестьдесят пять  тенге тиын, }| block2024\User| SPL| 
#56| 2024-11-25T17:48:00.9597| SPL.test.ctor1, spl1={context amount, src 4578109090965, partWhole 4578109090965, valDbl 4.578109090965E12, decryptionWhole тенге, decryptionFractional тиын, numberWord четыре триллиона пятьсот семьдесят восемь миллиардов сто  девять миллионов  девяносто тысяч девятьсот шестьдесят пять  тенге тиын, }| block2024\User| SPL| 
#57| 2024-11-25T17:48:00.9607| SPL.test.ctor1, spl1={context amount, src 03, partWhole 3, valDbl 3.0, decryptionWhole тенге, decryptionFractional тиын, numberWord три  тенге тиын, }| block2024\User| SPL| 
#58| 2024-11-25T17:48:00.9607| SPL.test.ctor1, spl1={context amount, src 5100, partWhole 5100, valDbl 5100.0, decryptionWhole тенге, decryptionFractional тиын, numberWord пять тысяч сто    тенге тиын, }| block2024\User| SPL| 
#62| 2024-11-25T17:48:00.9627| SPL.test.ctor1, spl1={context amount, src 00Fkmaf, valStr 00Fkmaf, }| block2024\User| SPL| 
#65| 2024-11-25T17:48:04.9439| Command.exit| block2024\User| Command| 

