#1; 2024-06-12T07:29:02.2044; WB.static ctor block init, abcGlobal={this.basic=149, this.sectoral=3, this.sectoralPawnshop=3, this.debt=46, this.publicHoliday=18, this.extraDayOff=6, this.accountMatching=59, this.accountTableClosing=4, this.template=12, this.update=15, }; block2024\User; WB;
#2; 2024-06-12T07:29:02.2164; WB.static ctor block init, abcTemplate={this.basic=1203, this.sectoral=3, this.sectoralPawnshop=3, this.debt=106, this.update=9, this.table=2, this.catalog=60, this.codePay=3, }; block2024\User; WB;
#3; 2024-06-12T07:29:02.2164; WB.getGlobalStart, eventGlobalStart=2024-06-12T07:29:02.2164; block2024\User; WB;
#7; 2024-06-12T07:29:02.4364; Conn.getLocal, finally localPath=E:\WorkbookBasic\WB\local\DatabaseLocal_2024_01_10T09_51_53.338_.sqlite3, finally WB.abcLocal={this.local=11, this.userManualLocal=1, this.sourceExtFile=4, this.workOutside=3, this.collector=1, this.registerOrg=2, }; block2024\User; Conn;
#12; 2024-06-12T07:29:02.5514; GUI.getFrameBasic, frame.getName=frame0; block2024\User; GUI;
#13; 2024-06-12T07:29:07.7357; WB.getLocalEnd, durationLocal=550 ms, Command.input for setConnFrom.size=2; block2024\User; WB;
#16; 2024-06-12T07:29:10.7779; WB.getEventEnd, eventGlobalEnd=2024-06-12T07:29:10.7779; block2024\User; WB;
#17; 2024-06-12T07:29:10.7799; WB.getEventEnd, durationGlobal=8561 ms; block2024\User; WB;
Log detail
#4; 2024-06-12T07:29:02.2234; Conn.getDbList, Conn.work=[E:\WorkbookBasic\WB\Base1.sqlite3]; block2024\User; Conn;
#5; 2024-06-12T07:29:02.2234; Conn.getDbList, Conn.systemFact=[E:\WorkbookBasic\WB\DatabaseGlobal.sqlite3, E:\WorkbookBasic\WB\DatabaseTemplate.sqlite3]; block2024\User; Conn;
#6; 2024-06-12T07:29:02.4354; Conn.setLocal, WB.abcLocal={this.local=11, this.userManualLocal=1, this.sourceExtFile=4, this.workOutside=3, this.collector=1, this.registerOrg=2, }, localPath=E:\WorkbookBasic\WB\local\DatabaseLocal_2024_01_10T09_51_53.338_.sqlite3; block2024\User; Conn;
#8; 2024-06-12T07:29:02.4364; WB.init, java.version=21.0.1; block2024\User; WB;
#9; 2024-06-12T07:29:02.4364; WB.init, java.home=C:\openjdk\jdk-21.0.1; block2024\User; WB;
#10; 2024-06-12T07:29:02.4364; WB.init, java.class.path=E:\WorkbookBasic\WB\bin; block2024\User; WB;
#11; 2024-06-12T07:29:02.4374; WB.init, os.name=Windows 7; block2024\User; WB;
#14; 2024-06-12T07:29:07.7447; Command.input, setConnFrom.size=2, dtoInput.size=1271, setConnTo=[E:\WorkbookBasic\WB\Base1.sqlite3], patternInOut=output, patternTo=_to_all_; block2024\User; Command;
#15; 2024-06-12T07:29:10.7779; Command.exit; block2024\User; Command;

