#1| 2025-10-10T17:30:16.8548| WB.static ctor block init, WB.abcGlobal={basic=155, update=24, sectoral=4, sectoralPawnshop=4, debt=58, publicHoliday=18, extraDayOff=7, accountMatching=59, accountClosing=4, }| BLOCK2024\User| WB| 
#2| 2025-10-10T17:30:16.8738| WB.static ctor block init, WB.abcTemplate={basic=1057, catalog=76, codePay=3, update=9, sectoral=70, sectoralPawnshop=65, listVal=4, custom=2, debt=101, }| BLOCK2024\User| WB| 
#3| 2025-10-10T17:30:16.8748| WB.getGlobalStart, eventGlobalStart=2025-10-10T17:30:16.8738| BLOCK2024\User| WB| 
#7| 2025-10-10T17:30:17.0468| Conn.readDatabaseLocal, finally localPath=D:\WorkbookBasic\WB\local\DatabaseLocal.sqlite3, finally WB.abcLocal={basic=17, sourceExtFile=4, workOutside=4, idGen=5, userManualLocal=1, }| BLOCK2024\User| Conn| 
#12| 2025-10-10T17:30:17.0478| WB.init, end| BLOCK2024\User| WB| 
#49| 2025-10-10T17:30:18.7639| ListVal.getByIndex(int index):String, ex=Index 1 out of bounds for length 1| BLOCK2024\User| ListVal| 
#52| 2025-10-10T17:30:18.7769| ListVal.getByIndex(int index):String, ex=Index 1 out of bounds for length 1| BLOCK2024\User| ListVal| 
#55| 2025-10-10T17:30:18.7809| ListVal.getByIndex(int index):String, ex=Index 1 out of bounds for length 1| BLOCK2024\User| ListVal| 
#58| 2025-10-10T17:30:18.7869| ListVal.getByIndex(int index):String, ex=Index 1 out of bounds for length 1| BLOCK2024\User| ListVal| 
#61| 2025-10-10T17:30:18.7919| ListVal.getByIndex(int index):String, ex=Index 1 out of bounds for length 1| BLOCK2024\User| ListVal| 
#64| 2025-10-10T17:30:18.7969| ListVal.getByIndex(int index):String, ex=Index 1 out of bounds for length 1| BLOCK2024\User| ListVal| 
#67| 2025-10-10T17:30:18.8019| ListVal.getByIndex(int index):String, ex=Index 1 out of bounds for length 1| BLOCK2024\User| ListVal| 
#70| 2025-10-10T17:30:18.8049| ListVal.getByIndex(int index):String, ex=Index 1 out of bounds for length 1| BLOCK2024\User| ListVal| 
#74| 2025-10-10T17:30:18.8189| ListVal.getByIndex(int index):String, ex=Index 1 out of bounds for length 1| BLOCK2024\User| ListVal| 
#81| 2025-10-10T17:30:18.8289| ListVal.getByIndex(int index):String, ex=Index 1 out of bounds for length 1| BLOCK2024\User| ListVal| 
#85| 2025-10-10T17:30:18.8389| ListVal.getByIndex(int index):String, ex=Index 1 out of bounds for length 1| BLOCK2024\User| ListVal| 
#90| 2025-10-10T17:30:18.8449| ListVal.getByIndex(int index):String, ex=Index 1 out of bounds for length 1| BLOCK2024\User| ListVal| 
#95| 2025-10-10T17:30:18.8539| ListVal.getByIndex(int index):String, ex=Index 1 out of bounds for length 1| BLOCK2024\User| ListVal| 
#100| 2025-10-10T17:30:18.8609| ListVal.getByIndex(int index):String, ex=Index 1 out of bounds for length 1| BLOCK2024\User| ListVal| 
#105| 2025-10-10T17:30:18.8729| ListVal.getByIndex(int index):String, ex=Index 1 out of bounds for length 1| BLOCK2024\User| ListVal| 
#110| 2025-10-10T17:30:18.8819| ListVal.getByIndex(int index):String, ex=Index 1 out of bounds for length 1| BLOCK2024\User| ListVal| 
#115| 2025-10-10T17:30:18.8899| ListVal.getByIndex(int index):String, ex=Index 1 out of bounds for length 1| BLOCK2024\User| ListVal| 
#122| 2025-10-10T17:30:18.8969| ListVal.getByIndex(int index):String, ex=Index 1 out of bounds for length 1| BLOCK2024\User| ListVal| 
#130| 2025-10-10T17:30:18.9039| ListVal.getByIndex(int index):String, ex=Index 1 out of bounds for length 1| BLOCK2024\User| ListVal| 
#152| 2025-10-10T17:30:19.8000| GUI.getFrameBasic():JFrame, frame.getName=frame0| BLOCK2024\User| GUI| 
#155| 2025-10-10T17:30:22.8692| WB.getEventEnd, eventGlobalEnd=2025-10-10T17:30:22.8692| BLOCK2024\User| WB| 
#156| 2025-10-10T17:30:22.8692| WB.getEventEnd, durationGlobal=5995 ms| BLOCK2024\User| WB| 
Log detail
#4| 2025-10-10T17:30:16.8858| Conn.getDbList, Conn.work=[D:\WorkbookBasic\WB\MyWorkBase1.sqlite3]| BLOCK2024\User| Conn| 
#5| 2025-10-10T17:30:16.8858| Conn.getDbList, Conn.systemFact=[D:\WorkbookBasic\WB\DatabaseGlobal.sqlite3, D:\WorkbookBasic\WB\DatabaseTemplate.sqlite3]| BLOCK2024\User| Conn| 
#6| 2025-10-10T17:30:16.9938| WB.getLocalEnd, durationLocal=101 ms, Conn.getLast, WB.abcLast={basic=1068, catalog=76, codePay=3, update=9, sectoral=70, sectoralPawnshop=65, listVal=4, custom=2, debt=101, }| BLOCK2024\User| WB| 
#8| 2025-10-10T17:30:17.0468| WB.init, java.version=21.0.1| BLOCK2024\User| WB| 
#9| 2025-10-10T17:30:17.0478| WB.init, java.home=C:\openjdk\jdk-21.0.1| BLOCK2024\User| WB| 
#10| 2025-10-10T17:30:17.0478| WB.init, java.class.path=D:\WorkbookBasic\WB\bin;D:\WorkbookBasic\WB\sqlite-jdbc-3.40.0.0.jar| BLOCK2024\User| WB| 
#11| 2025-10-10T17:30:17.0478| WB.init, os.name=Windows 7| BLOCK2024\User| WB| 
#13| 2025-10-10T17:30:17.0478| WB.init, end| BLOCK2024\User| WB| 
#14| 2025-10-10T17:30:17.2619| | BLOCK2024\User| | 
#14| 2025-10-10T17:30:17.2619| TemplateDoc.test.ctor(String)| BLOCK2024\User| TemplateDoc| 
#15| 2025-10-10T17:30:17.2659| TemplateDoc.test.ctor(String)={src   , table Deal  , isExist false  , isValid false  }, templateDealId=, docId=| BLOCK2024\User| TemplateDoc| 
#16| 2025-10-10T17:30:17.2669| TemplateDoc.test.ctor(String)={src   , table Deal  , docId Bill  , isExist false  , isValid false  }, templateDealId=, docId=Bill| BLOCK2024\User| TemplateDoc| 
#17| 2025-10-10T17:30:17.2689| TemplateDoc.test.ctor(String)={src   , table Deal  , docId Invoice  , isExist false  , isValid false  }, templateDealId=, docId=Invoice| BLOCK2024\User| TemplateDoc| 
#18| 2025-10-10T17:30:17.2739| TemplateDoc.test.ctor(String)={src PawnDoc.Template1.V1  , table Deal  , id PawnDoc.Template1.V1  , face1 Face.FA1  , date1 2024-11-08  , date2 2080-12-31  , code 20  , description PawnDocTemplate1.mht:PawnDocTemplate2.mht  , Geo.Qazaqstan  , Role.Deal.PawnDoc  , Info.Deal.Term  , more 147  , templateId PawnDoc.Template1.V1  , isExist true  , isValid true  }, templateDealId=PawnDoc.Template1.V1, docId=| BLOCK2024\User| TemplateDoc| 
#19| 2025-10-10T17:30:17.2759| TemplateDoc.test.ctor(String)={src PawnDoc.Template1.V1  , table Deal  , id PawnDoc.Template1.V1  , face1 Face.FA1  , date1 2024-11-08  , date2 2080-12-31  , code 20  , description PawnDocTemplate1.mht:PawnDocTemplate2.mht  , Geo.Qazaqstan  , Role.Deal.PawnDoc  , Info.Deal.Term  , more 147  , templateId PawnDoc.Template1.V1  , docId Bill  , isExist true  , isValid true  }, templateDealId=PawnDoc.Template1.V1, docId=Bill| BLOCK2024\User| TemplateDoc| 
#20| 2025-10-10T17:30:17.2789| TemplateDoc.test.ctor(String)={src PawnDoc.Template1.V1  , table Deal  , id PawnDoc.Template1.V1  , face1 Face.FA1  , date1 2024-11-08  , date2 2080-12-31  , code 20  , description PawnDocTemplate1.mht:PawnDocTemplate2.mht  , Geo.Qazaqstan  , Role.Deal.PawnDoc  , Info.Deal.Term  , more 147  , templateId PawnDoc.Template1.V1  , docId Invoice  , isExist true  , isValid true  }, templateDealId=PawnDoc.Template1.V1, docId=Invoice| BLOCK2024\User| TemplateDoc| 
#21| 2025-10-10T17:30:17.2809| TemplateDoc.test.ctor(String)={src Deal.Tralala  , table Deal  , isExist false  , isValid false  }, templateDealId=Deal.Tralala, docId=| BLOCK2024\User| TemplateDoc| 
#22| 2025-10-10T17:30:17.2829| TemplateDoc.test.ctor(String)={src Deal.Tralala  , table Deal  , docId Bill  , isExist false  , isValid false  }, templateDealId=Deal.Tralala, docId=Bill| BLOCK2024\User| TemplateDoc| 
#23| 2025-10-10T17:30:17.2859| TemplateDoc.test.ctor(String)={src Deal.Tralala  , table Deal  , docId Invoice  , isExist false  , isValid false  }, templateDealId=Deal.Tralala, docId=Invoice| BLOCK2024\User| TemplateDoc| 
#24| 2025-10-10T17:30:17.8109| | BLOCK2024\User| | 
#24| 2025-10-10T17:30:17.8109| Pawn.test.getTotal(List<Pawn>):UnitVal| BLOCK2024\User| Pawn| 
#25| 2025-10-10T17:30:18.1079| Pawn.test.getTotal(List<Pawn>):UnitVal>, res.size=4| BLOCK2024\User| Pawn| 
#26| 2025-10-10T17:30:18.4629| Pawn.test.getTotal(List<Pawn>):Pawn>, res={src   table Deal  weightGross  7.0 Unit.Gr, гр  weightNetto  6.8 Unit.Gr, гр  estimatedValue  1.802E7 Unit.KZT, KZT  partMainDebt  1.50166E7 Unit.KZT, KZT  isExist false  isValid true  }| BLOCK2024\User| Pawn| 
#27| 2025-10-10T17:30:18.4639| | BLOCK2024\User| | 
#27| 2025-10-10T17:30:18.4639| Pawn.test.getPawnId():String| BLOCK2024\User| Pawn| 
#28| 2025-10-10T17:30:18.4709| Pawn.test.getPawnId():String, res=00001| BLOCK2024\User| Pawn| 
#29| 2025-10-10T17:30:18.4709| | BLOCK2024\User| | 
#29| 2025-10-10T17:30:18.4709| Pawn.test.ctor(String)| BLOCK2024\User| Pawn| 
#30| 2025-10-10T17:30:18.5269| Pawn.test.ctor(String)={src PawnDoc.Template1.V1.Pawn  table Deal  id [IB1][2025-10-10T17:30:18][#31120]  parent PawnDoc.Template1.V1  face1 Face.FA1  date1 2025-10-10   Geo.Qazaqstan   Role.Deal.Pawn   Info.Deal.Term  more 129   Mark.DD  pawnId ?  templateId PawnDoc.Template1.V1  productCondition ?  assetCatId ?  gem ?  descriptionPattern []  assetDefectCatId [?, ]  isExist true  isValid true  }| BLOCK2024\User| Pawn| 
#31| 2025-10-10T17:30:18.5999| Pawn.test.ctor(String)={src Pawn.Test1  table Deal  id [IB1][2025-10-10T17:30:18][#48399]  parent PawnDoc.Test1  face1 Face.FA1  date1 2025-10-10   Geo.Qazaqstan   Role.Deal.Pawn   Info.Asset.SubAsset  more 190   Mark.DD  pawnId [P2]1  templateId Pawn.Template  productCondition новое  assetCatId Asset.PS.Catalog.1  gem б\к  descriptionPattern []  assetDefectCatId [потертости, заусенцы, ]  weightGross  3.0 Unit.Gr, гр  weightNetto  2.9 Unit.Gr, гр  goldContent  585.0 Unit.GoldContent, проба золота  estimatedValue  1000.0 Unit.KZT, KZT  partMainDebt  800.0 Unit.KZT, KZT  isExist true  isValid true  }| BLOCK2024\User| Pawn| 
#32| 2025-10-10T17:30:18.6609| Pawn.test.ctor(String)={src Pawn.Test2  table Deal  id [IB1][2025-10-10T17:30:18][#93573]  parent PawnDoc.Test1  face1 Face.FA1  date1 2025-10-10   Geo.Qazaqstan   Role.Deal.Pawn   Info.Asset.SubAsset  more 205   Mark.DD  pawnId [P2]2  templateId Pawn.Template  VINCode 333  carDoc 111  carNumber N222  color красный  producer Тойота  dateMFG 12.11.2005  productCondition новое  assetCatId Asset.PS.Catalog  descriptionPattern []  assetDefectCatId [б\д, ]  estimatedValue  1.8E7 Unit.KZT, KZT  partMainDebt  1.5E7 Unit.KZT, KZT  isExist true  isValid true  }| BLOCK2024\User| Pawn| 
#33| 2025-10-10T17:30:18.7199| Pawn.test.ctor(String)={src Pawn.Test3  table Deal  id [IB1][2025-10-10T17:30:18][#71356]  parent PawnDoc.Test1  face1 Face.FA1  date1 2025-10-10   Geo.Qazaqstan   Role.Deal.Pawn   Info.Asset.SubAsset  more 185   Mark.DD  pawnId [P1]1  templateId Pawn.Template  IMEICode 333  color красный  producer Самсунг  dateMFG 12.11.2005  productCondition новое  assetCatId Asset.PS.Catalog  descriptionPattern []  assetDefectCatId [б\д, ]  estimatedValue  18000.0 Unit.KZT, KZT  partMainDebt  15000.0 Unit.KZT, KZT  isExist true  isValid true  }| BLOCK2024\User| Pawn| 
#34| 2025-10-10T17:30:18.7449| | BLOCK2024\User| | 
#34| 2025-10-10T17:30:18.7449| Pawn.test.ctor(String)={src Pawn.Tralala  table Deal  isExist false  isValid true  }| BLOCK2024\User| Pawn| 
#35| 2025-10-10T17:30:18.7499| | BLOCK2024\User| | 
#35| 2025-10-10T17:30:18.7499| SPL.test.ctor(String)| BLOCK2024\User| SPL| 
#36| 2025-10-10T17:30:18.7519| | BLOCK2024\User| | 
#36| 2025-10-10T17:30:18.7519| SPL.test.ctor(String)=context amount  src 0.13  partFractional 13  | BLOCK2024\User| SPL| 
#37| 2025-10-10T17:30:18.7519| | BLOCK2024\User| | 
#37| 2025-10-10T17:30:18.7519| SPL.test.ctor(String)=context amount  src 7  partWhole 7  | BLOCK2024\User| SPL| 
#38| 2025-10-10T17:30:18.7529| | BLOCK2024\User| | 
#38| 2025-10-10T17:30:18.7529| SPL.test.ctor(String)=context amount  src 16  partWhole 16  | BLOCK2024\User| SPL| 
#39| 2025-10-10T17:30:18.7529| | BLOCK2024\User| | 
#39| 2025-10-10T17:30:18.7529| SPL.test.ctor(String)=context amount  src 93  partWhole 93  | BLOCK2024\User| SPL| 
#40| 2025-10-10T17:30:18.7529| | BLOCK2024\User| | 
#40| 2025-10-10T17:30:18.7529| SPL.test.ctor(String)=context amount  src 713  partWhole 713  | BLOCK2024\User| SPL| 
#41| 2025-10-10T17:30:18.7539| | BLOCK2024\User| | 
#41| 2025-10-10T17:30:18.7539| SPL.test.ctor(String)=context amount  src 7894.1356  partWhole 7894  partFractional 1356  | BLOCK2024\User| SPL| 
#42| 2025-10-10T17:30:18.7539| | BLOCK2024\User| | 
#42| 2025-10-10T17:30:18.7539| SPL.test.ctor(String)=context amount  src 564.13  partWhole 564  partFractional 13  | BLOCK2024\User| SPL| 
#43| 2025-10-10T17:30:18.7549| | BLOCK2024\User| | 
#43| 2025-10-10T17:30:18.7549| SPL.test.ctor(String)=context amount  src 7155674.89  partWhole 7155674  partFractional 89  | BLOCK2024\User| SPL| 
#44| 2025-10-10T17:30:18.7559| | BLOCK2024\User| | 
#44| 2025-10-10T17:30:18.7559| SPL.test.ctor(String)=context amount  src 109090965  partWhole 109090965  | BLOCK2024\User| SPL| 
#45| 2025-10-10T17:30:18.7569| | BLOCK2024\User| | 
#45| 2025-10-10T17:30:18.7569| SPL.test.ctor(String)=context amount  src 4578109090965  partWhole 4578109090965  | BLOCK2024\User| SPL| 
#46| 2025-10-10T17:30:18.7569| | BLOCK2024\User| | 
#46| 2025-10-10T17:30:18.7569| SPL.test.ctor(String)=context amount  src 03  partWhole 3  | BLOCK2024\User| SPL| 
#47| 2025-10-10T17:30:18.7579| | BLOCK2024\User| | 
#47| 2025-10-10T17:30:18.7579| SPL.test.ctor(String)=context amount  src 5100  partWhole 5100  | BLOCK2024\User| SPL| 
#48| 2025-10-10T17:30:18.7599| | BLOCK2024\User| | 
#48| 2025-10-10T17:30:18.7599| Access.test.getCurr(3String):boolean| BLOCK2024\User| Access| 
#50| 2025-10-10T17:30:18.7719| Access.test.getCurr(3String):boolean, res=false, date1=2023-04-05, userId=Face.FA1.User1, actionId=Write| BLOCK2024\User| Access| 
#51| 2025-10-10T17:30:18.7739| Access.test.getCurr(3String):boolean, res=false, date1=2023-04-05, userId=Face.FA1.User2, actionId=Write| BLOCK2024\User| Access| 
#53| 2025-10-10T17:30:18.7779| Access.test.getCurr(3String):boolean, res=false, date1=2023-04-05, userId=Face.FA1.User1, actionId=Read| BLOCK2024\User| Access| 
#54| 2025-10-10T17:30:18.7789| Access.test.getCurr(3String):boolean, res=false, date1=2023-04-05, userId=Face.FA1.User2, actionId=Read| BLOCK2024\User| Access| 
#56| 2025-10-10T17:30:18.7829| Access.test.getCurr(3String):boolean, res=true, date1=2025-01-31, userId=Face.FA1.User1, actionId=Write| BLOCK2024\User| Access| 
#57| 2025-10-10T17:30:18.7839| Access.test.getCurr(3String):boolean, res=false, date1=2025-01-31, userId=Face.FA1.User2, actionId=Write| BLOCK2024\User| Access| 
#59| 2025-10-10T17:30:18.7879| Access.test.getCurr(3String):boolean, res=true, date1=2025-01-31, userId=Face.FA1.User1, actionId=Read| BLOCK2024\User| Access| 
#60| 2025-10-10T17:30:18.7899| Access.test.getCurr(3String):boolean, res=false, date1=2025-01-31, userId=Face.FA1.User2, actionId=Read| BLOCK2024\User| Access| 
#62| 2025-10-10T17:30:18.7929| Access.test.getCurr(3String):boolean, res=true, date1=2025-02-20, userId=Face.FA1.User1, actionId=Write| BLOCK2024\User| Access| 
#63| 2025-10-10T17:30:18.7949| Access.test.getCurr(3String):boolean, res=false, date1=2025-02-20, userId=Face.FA1.User2, actionId=Write| BLOCK2024\User| Access| 
#65| 2025-10-10T17:30:18.7979| Access.test.getCurr(3String):boolean, res=true, date1=2025-02-20, userId=Face.FA1.User1, actionId=Read| BLOCK2024\User| Access| 
#66| 2025-10-10T17:30:18.7999| Access.test.getCurr(3String):boolean, res=false, date1=2025-02-20, userId=Face.FA1.User2, actionId=Read| BLOCK2024\User| Access| 
#68| 2025-10-10T17:30:18.8019| Access.test.getCurr(3String):boolean, res=false, date1=2025-08-15, userId=Face.FA1.User1, actionId=Write| BLOCK2024\User| Access| 
#69| 2025-10-10T17:30:18.8029| Access.test.getCurr(3String):boolean, res=false, date1=2025-08-15, userId=Face.FA1.User2, actionId=Write| BLOCK2024\User| Access| 
#71| 2025-10-10T17:30:18.8059| Access.test.getCurr(3String):boolean, res=false, date1=2025-08-15, userId=Face.FA1.User1, actionId=Read| BLOCK2024\User| Access| 
#72| 2025-10-10T17:30:18.8079| Access.test.getCurr(3String):boolean, res=false, date1=2025-08-15, userId=Face.FA1.User2, actionId=Read| BLOCK2024\User| Access| 
#73| 2025-10-10T17:30:18.8149| | BLOCK2024\User| | 
#73| 2025-10-10T17:30:18.8149| User.test.get(String):List<FaceDto>| BLOCK2024\User| User| 
#75| 2025-10-10T17:30:18.8199| User.test.get(List<FaceDto>), res.size=2, parentId=Face.FA1| BLOCK2024\User| User| 
#76| 2025-10-10T17:30:18.8219| WB.log(List<User>), res={id Face.FA1.User1  , parent Face.FA1  , date1 2025-01-01  , date2 2025-01-31  , code Face.FA1.User1  , description Лицо учета1.User1  , Geo.Astana  , Role.Face.User  , Info.Access.Administrator  , more Access=FullAccess,StaffTableId=Face.FA1.StaffTable1.Boss,  , Mark.MD  , jobCycle /[09:00 - 18:00]/[13:00 - 14:00]/[]//  , staffTableId Face.FA1.StaffTable1.Boss  , access {, src FullAccess  , id ,  , code FullAccess  , description NoRestriction  }  }| BLOCK2024\User| WB| 
#77| 2025-10-10T17:30:18.8219| WB.log(List<User>), res={id Face.FA1.User1  , parent Face.FA1  , date1 2025-02-01  , date2 2025-02-20  , code Face.FA1.User1  , description Лицо учета1.User1  , Geo.Astana  , Role.Face.User  , Info.Access.Administrator  , more StaffTableId=Face.FA1.StaffTable1.Boss,  , Mark.MD  , jobCycle /[09:00 - 18:00]/[13:00 - 14:00]/[]//  , staffTableId Face.FA1.StaffTable1.Boss  , access {, id ,  , code FullAccess  , description NoRestriction  }  }| BLOCK2024\User| WB| 
#78| 2025-10-10T17:30:18.8239| User.test.get(List<FaceDto>), res.size=0, parentId=Face.kgd| BLOCK2024\User| User| 
#79| 2025-10-10T17:30:18.8249| User.test.get(List<FaceDto>), res.size=0, parentId=Face.Tralala| BLOCK2024\User| User| 
#80| 2025-10-10T17:30:18.8249| | BLOCK2024\User| | 
#80| 2025-10-10T17:30:18.8249| User.test.getCurr(2String):List<FaceDto>| BLOCK2024\User| User| 
#82| 2025-10-10T17:30:18.8339| User.test.getCurr(2String):List<FaceDto>, res.size=0, date1=2023-04-05, parentId=Face.FA1| BLOCK2024\User| User| 
#83| 2025-10-10T17:30:18.8359| User.test.getCurr(2String):List<FaceDto>, res.size=0, date1=2023-04-05, parentId=Face.kgd| BLOCK2024\User| User| 
#84| 2025-10-10T17:30:18.8369| User.test.getCurr(2String):List<FaceDto>, res.size=0, date1=2023-04-05, parentId=Face.Tralala| BLOCK2024\User| User| 
#86| 2025-10-10T17:30:18.8399| User.test.getCurr(2String):List<FaceDto>, res.size=1, date1=2025-01-31, parentId=Face.FA1| BLOCK2024\User| User| 
#87| 2025-10-10T17:30:18.8399| WB.log(List<User>), res={id Face.FA1.User1  , parent Face.FA1  , date1 2025-01-01  , date2 2025-01-31  , code Face.FA1.User1  , description Лицо учета1.User1  , Geo.Astana  , Role.Face.User  , Info.Access.Administrator  , more Access=FullAccess,StaffTableId=Face.FA1.StaffTable1.Boss,  , Mark.MD  , jobCycle /[09:00 - 18:00]/[13:00 - 14:00]/[]//  , staffTableId Face.FA1.StaffTable1.Boss  , access {, src FullAccess  , id ,  , code FullAccess  , description NoRestriction  }  }| BLOCK2024\User| WB| 
#88| 2025-10-10T17:30:18.8419| User.test.getCurr(2String):List<FaceDto>, res.size=0, date1=2025-01-31, parentId=Face.kgd| BLOCK2024\User| User| 
#89| 2025-10-10T17:30:18.8429| User.test.getCurr(2String):List<FaceDto>, res.size=0, date1=2025-01-31, parentId=Face.Tralala| BLOCK2024\User| User| 
#91| 2025-10-10T17:30:18.8459| User.test.getCurr(2String):List<FaceDto>, res.size=1, date1=2025-02-20, parentId=Face.FA1| BLOCK2024\User| User| 
#92| 2025-10-10T17:30:18.8469| WB.log(List<User>), res={id Face.FA1.User1  , parent Face.FA1  , date1 2025-02-01  , date2 2025-02-20  , code Face.FA1.User1  , description Лицо учета1.User1  , Geo.Astana  , Role.Face.User  , Info.Access.Administrator  , more StaffTableId=Face.FA1.StaffTable1.Boss,  , Mark.MD  , jobCycle /[09:00 - 18:00]/[13:00 - 14:00]/[]//  , staffTableId Face.FA1.StaffTable1.Boss  , access {, id ,  , code FullAccess  , description NoRestriction  }  }| BLOCK2024\User| WB| 
#93| 2025-10-10T17:30:18.8479| User.test.getCurr(2String):List<FaceDto>, res.size=0, date1=2025-02-20, parentId=Face.kgd| BLOCK2024\User| User| 
#94| 2025-10-10T17:30:18.8499| User.test.getCurr(2String):List<FaceDto>, res.size=0, date1=2025-02-20, parentId=Face.Tralala| BLOCK2024\User| User| 
#96| 2025-10-10T17:30:18.8549| User.test.getCurr(2String):List<FaceDto>, res.size=0, date1=2025-08-15, parentId=Face.FA1| BLOCK2024\User| User| 
#97| 2025-10-10T17:30:18.8569| User.test.getCurr(2String):List<FaceDto>, res.size=0, date1=2025-08-15, parentId=Face.kgd| BLOCK2024\User| User| 
#98| 2025-10-10T17:30:18.8579| User.test.getCurr(2String):List<FaceDto>, res.size=0, date1=2025-08-15, parentId=Face.Tralala| BLOCK2024\User| User| 
#99| 2025-10-10T17:30:18.8579| | BLOCK2024\User| | 
#99| 2025-10-10T17:30:18.8579| User.test.getCurr(3String):FaceDto| BLOCK2024\User| User| 
#101| 2025-10-10T17:30:18.8659| User.test.getCurr(3String):FaceDto, res={, date1   , date2   , access {}  }, date1=2023-04-05, faceParentId=Face.FA1, faceUserId=Face.FA1.User1| BLOCK2024\User| User| 
#102| 2025-10-10T17:30:18.8679| User.test.getCurr(3String):FaceDto, res={, date1   , date2   , access {}  }, date1=2023-04-05, faceParentId=Face.FA1, faceUserId=Face.FA1.User2| BLOCK2024\User| User| 
#103| 2025-10-10T17:30:18.8699| User.test.getCurr(3String):FaceDto, res={, date1   , date2   , access {}  }, date1=2023-04-05, faceParentId=, faceUserId=| BLOCK2024\User| User| 
#104| 2025-10-10T17:30:18.8709| User.test.getCurr(3String):FaceDto, res={, date1   , date2   , access {}  }, date1=2023-04-05, faceParentId=Face.Tralala, faceUserId=Face.Tralala.User1| BLOCK2024\User| User| 
#106| 2025-10-10T17:30:18.8749| User.test.getCurr(3String):FaceDto, res={id Face.FA1.User1  , parent Face.FA1  , date1 2025-01-01  , date2 2025-01-31  , code Face.FA1.User1  , description Лицо учета1.User1  , Geo.Astana  , Role.Face.User  , Info.Access.Administrator  , more Access=FullAccess,StaffTableId=Face.FA1.StaffTable1.Boss,  , Mark.MD  , jobCycle /[09:00 - 18:00]/[13:00 - 14:00]/[]//  , staffTableId Face.FA1.StaffTable1.Boss  , access {, src FullAccess  , id ,  , code FullAccess  , description NoRestriction  }  }, date1=2025-01-31, faceParentId=Face.FA1, faceUserId=Face.FA1.User1| BLOCK2024\User| User| 
#107| 2025-10-10T17:30:18.8769| User.test.getCurr(3String):FaceDto, res={, date1   , date2   , access {}  }, date1=2025-01-31, faceParentId=Face.FA1, faceUserId=Face.FA1.User2| BLOCK2024\User| User| 
#108| 2025-10-10T17:30:18.8789| User.test.getCurr(3String):FaceDto, res={, date1   , date2   , access {}  }, date1=2025-01-31, faceParentId=, faceUserId=| BLOCK2024\User| User| 
#109| 2025-10-10T17:30:18.8799| User.test.getCurr(3String):FaceDto, res={, date1   , date2   , access {}  }, date1=2025-01-31, faceParentId=Face.Tralala, faceUserId=Face.Tralala.User1| BLOCK2024\User| User| 
#111| 2025-10-10T17:30:18.8829| User.test.getCurr(3String):FaceDto, res={id Face.FA1.User1  , parent Face.FA1  , date1 2025-02-01  , date2 2025-02-20  , code Face.FA1.User1  , description Лицо учета1.User1  , Geo.Astana  , Role.Face.User  , Info.Access.Administrator  , more StaffTableId=Face.FA1.StaffTable1.Boss,  , Mark.MD  , jobCycle /[09:00 - 18:00]/[13:00 - 14:00]/[]//  , staffTableId Face.FA1.StaffTable1.Boss  , access {, id ,  , code FullAccess  , description NoRestriction  }  }, date1=2025-02-20, faceParentId=Face.FA1, faceUserId=Face.FA1.User1| BLOCK2024\User| User| 
#112| 2025-10-10T17:30:18.8849| User.test.getCurr(3String):FaceDto, res={, date1   , date2   , access {}  }, date1=2025-02-20, faceParentId=Face.FA1, faceUserId=Face.FA1.User2| BLOCK2024\User| User| 
#113| 2025-10-10T17:30:18.8859| User.test.getCurr(3String):FaceDto, res={, date1   , date2   , access {}  }, date1=2025-02-20, faceParentId=, faceUserId=| BLOCK2024\User| User| 
#114| 2025-10-10T17:30:18.8879| User.test.getCurr(3String):FaceDto, res={, date1   , date2   , access {}  }, date1=2025-02-20, faceParentId=Face.Tralala, faceUserId=Face.Tralala.User1| BLOCK2024\User| User| 
#116| 2025-10-10T17:30:18.8899| User.test.getCurr(3String):FaceDto, res={, date1   , date2   , access {}  }, date1=2025-08-15, faceParentId=Face.FA1, faceUserId=Face.FA1.User1| BLOCK2024\User| User| 
#117| 2025-10-10T17:30:18.8909| User.test.getCurr(3String):FaceDto, res={, date1   , date2   , access {}  }, date1=2025-08-15, faceParentId=Face.FA1, faceUserId=Face.FA1.User2| BLOCK2024\User| User| 
#118| 2025-10-10T17:30:18.8919| User.test.getCurr(3String):FaceDto, res={, date1   , date2   , access {}  }, date1=2025-08-15, faceParentId=, faceUserId=| BLOCK2024\User| User| 
#119| 2025-10-10T17:30:18.8929| User.test.getCurr(3String):FaceDto, res={, date1   , date2   , access {}  }, date1=2025-08-15, faceParentId=Face.Tralala, faceUserId=Face.Tralala.User1| BLOCK2024\User| User| 
#120| 2025-10-10T17:30:18.8929| | BLOCK2024\User| | 
#120| 2025-10-10T17:30:18.8929| User.test.ctor(2String)| BLOCK2024\User| User| 
#121| 2025-10-10T17:30:18.8949| User.test.ctor(2String)={table Face  , src ,  , grant {, date1   , date2   , access {}  }  }| BLOCK2024\User| User| 
#123| 2025-10-10T17:30:18.8969| User.test.ctor(2String)={table Face  , src Face.FA1,Face.FA1.User1  , id Face.FA1.User1  , parent Face.FA1  , date1 [2025-01-01, 2025-02-01, ]  , date2 [2025-01-31, 2025-02-20, ]  , code Face.FA1.User1  , description Лицо учета1.User1  , Geo.Astana  , Role.Face.User  , Info.Access.Administrator  , staffTableId Face.FA1.StaffTable1.Boss  , access [FullAccess, ]  , Mark.MD  , grant {, date1   , date2   , access {}  }  , val.size 2  }| BLOCK2024\User| User| 
#124| 2025-10-10T17:30:18.8979| WB.log(List<User>), res={id Face.FA1.User1  , parent Face.FA1  , date1 2025-01-01  , date2 2025-01-31  , code Face.FA1.User1  , description Лицо учета1.User1  , Geo.Astana  , Role.Face.User  , Info.Access.Administrator  , more Access=FullAccess,StaffTableId=Face.FA1.StaffTable1.Boss,  , Mark.MD  , jobCycle /[09:00 - 18:00]/[13:00 - 14:00]/[]//  , staffTableId Face.FA1.StaffTable1.Boss  , access {, src FullAccess  , id ,  , code FullAccess  , description NoRestriction  }  }| BLOCK2024\User| WB| 
#125| 2025-10-10T17:30:18.8979| WB.log(List<User>), res={id Face.FA1.User1  , parent Face.FA1  , date1 2025-02-01  , date2 2025-02-20  , code Face.FA1.User1  , description Лицо учета1.User1  , Geo.Astana  , Role.Face.User  , Info.Access.Administrator  , more StaffTableId=Face.FA1.StaffTable1.Boss,  , Mark.MD  , jobCycle /[09:00 - 18:00]/[13:00 - 14:00]/[]//  , staffTableId Face.FA1.StaffTable1.Boss  , access {, id ,  , code FullAccess  , description NoRestriction  }  }| BLOCK2024\User| WB| 
#126| 2025-10-10T17:30:18.8989| User.test.ctor(2String)={table Face  , src Face.kgd,Face.kgd.User1  , grant {, date1   , date2   , access {}  }  }| BLOCK2024\User| User| 
#127| 2025-10-10T17:30:18.9009| User.test.ctor(2String)={table Face  , src Face.Tralala,Face.Tralala.User1  , grant {, date1   , date2   , access {}  }  }| BLOCK2024\User| User| 
#128| 2025-10-10T17:30:18.9009| | BLOCK2024\User| | 
#128| 2025-10-10T17:30:18.9009| User.test.ctor(String)| BLOCK2024\User| User| 
#129| 2025-10-10T17:30:18.9019| User.test.ctor(String)={table Face  , grant {, date1   , date2   , access {}  }  }| BLOCK2024\User| User| 
#131| 2025-10-10T17:30:18.9049| User.test.ctor(String)={table Face  , src Face.FA1 , Face.FA1.User1  , id Face.FA1.User1  , parent Face.FA1  , date1 [2025-01-01, 2025-02-01, ]  , date2 [2025-01-31, 2025-02-20, ]  , code Face.FA1.User1  , description Лицо учета1.User1  , Geo.Astana  , Role.Face.User  , Info.Access.Administrator  , staffTableId Face.FA1.StaffTable1.Boss  , access [FullAccess, ]  , Mark.MD  , grant {, date1   , date2   , access {}  }  , val.size 2  }| BLOCK2024\User| User| 
#132| 2025-10-10T17:30:18.9049| WB.log(List<User>), res={id Face.FA1.User1  , parent Face.FA1  , date1 2025-01-01  , date2 2025-01-31  , code Face.FA1.User1  , description Лицо учета1.User1  , Geo.Astana  , Role.Face.User  , Info.Access.Administrator  , more Access=FullAccess,StaffTableId=Face.FA1.StaffTable1.Boss,  , Mark.MD  , jobCycle /[09:00 - 18:00]/[13:00 - 14:00]/[]//  , staffTableId Face.FA1.StaffTable1.Boss  , access {, src FullAccess  , id ,  , code FullAccess  , description NoRestriction  }  }| BLOCK2024\User| WB| 
#133| 2025-10-10T17:30:18.9059| WB.log(List<User>), res={id Face.FA1.User1  , parent Face.FA1  , date1 2025-02-01  , date2 2025-02-20  , code Face.FA1.User1  , description Лицо учета1.User1  , Geo.Astana  , Role.Face.User  , Info.Access.Administrator  , more StaffTableId=Face.FA1.StaffTable1.Boss,  , Mark.MD  , jobCycle /[09:00 - 18:00]/[13:00 - 14:00]/[]//  , staffTableId Face.FA1.StaffTable1.Boss  , access {, id ,  , code FullAccess  , description NoRestriction  }  }| BLOCK2024\User| WB| 
#134| 2025-10-10T17:30:18.9079| User.test.ctor(String)={table Face  , src Face.kgd , Face.kgd.User1  , grant {, date1   , date2   , access {}  }  }| BLOCK2024\User| User| 
#135| 2025-10-10T17:30:18.9089| User.test.ctor(String)={table Face  , src Face.Tralala , Face.Tralala.User1  , grant {, date1   , date2   , access {}  }  }| BLOCK2024\User| User| 
#136| 2025-10-10T17:30:18.9089| | BLOCK2024\User| | 
#136| 2025-10-10T17:30:18.9089| User.test.ctor()| BLOCK2024\User| User| 
#137| 2025-10-10T17:30:18.9089| User.test.ctor()={table Face  , grant {, date1   , date2   , access {}  }  }| BLOCK2024\User| User| 
#138| 2025-10-10T17:30:18.9169| | BLOCK2024\User| | 
#138| 2025-10-10T17:30:18.9169| PawnBalance.test.ctor(2String)| BLOCK2024\User| PawnBalance| 
#139| 2025-10-10T17:30:19.0100| PawnBalance.test.ctor(2String).val.size=0, date=2024-06-18| BLOCK2024\User| PawnBalance| 
#140| 2025-10-10T17:30:19.2520| PawnBalance.test.ctor(2String).val.size=0, date=2025-01-01| BLOCK2024\User| PawnBalance| 
#141| 2025-10-10T17:30:19.4980| PawnBalance.test.ctor(2String).val.size=0, date=2025-01-15| BLOCK2024\User| PawnBalance| 
#142| 2025-10-10T17:30:19.6980| PawnBalance.test.ctor(2String).val.size=0, date=2025-01-31| BLOCK2024\User| PawnBalance| 
#143| 2025-10-10T17:30:19.7700| PawnBalance.test.ctor(2String).val.size=0, date=2025-02-01| BLOCK2024\User| PawnBalance| 
#144| 2025-10-10T17:30:19.7780| | BLOCK2024\User| | 
#144| 2025-10-10T17:30:19.7780| TemplateDocEngine.test.getPattern(3String):List<ProcessVar>| BLOCK2024\User| TemplateDocEngine| 
#145| 2025-10-10T17:30:19.7860| WB.log(List<TemplateDocEngine>), res={id FullName_CurrFA  , code FullName_CurrFA  , description Полное официальное наименование  , Geo.Qazaqstan  , Role.Process.Var  , Info.Process.Pattern  , more 23  , Mark.MD  }| BLOCK2024\User| WB| 
#146| 2025-10-10T17:30:19.7860| WB.log(List<TemplateDocEngine>), res={id BIN_CurrFA  , code BIN_CurrFA  , description БИН  , Geo.Qazaqstan  , Role.Process.Var  , Info.Process.Pattern  , more 23  , Mark.MD  }| BLOCK2024\User| WB| 
#147| 2025-10-10T17:30:19.7860| WB.log(List<TemplateDocEngine>), res={id IIN_CurrFA  , code IIN_CurrFA  , description ИИН  , Geo.Qazaqstan  , Role.Process.Var  , Info.Process.Pattern  , more 23  , Mark.MD  }| BLOCK2024\User| WB| 
#148| 2025-10-10T17:30:19.7860| WB.log(List<TemplateDocEngine>), res={id RNN_CurrFA  , code RNN_CurrFA  , description РНН  , Geo.Qazaqstan  , Role.Process.Var  , Info.Process.Pattern  , more 23  , Mark.MD  }| BLOCK2024\User| WB| 
#149| 2025-10-10T17:30:19.7870| WB.log(List<TemplateDocEngine>), res={id IdKZ_CurrFA  , code IdKZ_CurrFA  , description Удостоверение личности KZ  , Geo.Qazaqstan  , Role.Process.Var  , Info.Process.Pattern  , more 23  , Mark.MD  }| BLOCK2024\User| WB| 
#150| 2025-10-10T17:30:19.7870| WB.log(List<TemplateDocEngine>), res={id LawAddress_CurrFA  , code LawAddress_CurrFA  , description Юридический адрес  , Geo.Qazaqstan  , Role.Process.Var  , Info.Process.Pattern  , more 23  , Mark.MD  }| BLOCK2024\User| WB| 
#151| 2025-10-10T17:30:19.7870| WB.log(List<TemplateDocEngine>), res={id RegAddress_CurrFA  , code RegAddress_CurrFA  , description Регистрационный адрес  , Geo.Qazaqstan  , Role.Process.Var  , Info.Process.Pattern  , more 23  , Mark.MD  }| BLOCK2024\User| WB| 
#153| 2025-10-10T17:30:19.8000| WB.getLocalEnd, durationLocal=2926 ms, WB.main, end | BLOCK2024\User| WB| 
#154| 2025-10-10T17:30:22.8692| | BLOCK2024\User| | 
#154| 2025-10-10T17:30:22.8692| Command.exit| BLOCK2024\User| Command| 

