#1; 2024-01-07T17:23:28.664+06:00; WB.static ctor block init, abcGlobal={basic=160, }; LENOVO2020\1; WB;
#2; 2024-01-07T17:23:28.684+06:00; Logger.getGlobalStart, eventGlobalStart=2024-01-07T17:23:28.684+06:00; LENOVO2020\1; Logger;
#3; 2024-01-07T17:23:28.704+06:00; Conn.getDbList, Conn.work=[MyWorkBase1.sqlite3]; LENOVO2020\1; Conn;
#9; 2024-01-07T17:23:29.105+06:00; Conn.getLocal, finally localPath=D:\WorkbookBasic\WB\local\DatabaseLocal_2024_01_07T07_11_32.639_.sqlite3, finally WB.abcLocal={local=4, sourceExtFile=4, }; LENOVO2020\1; Conn;
#10; 2024-01-07T17:23:29.115+06:00; Debt.test.getMinRate, res=3450.0; LENOVO2020\1; Debt;
#11; 2024-01-07T17:23:29.117+06:00; Debt.test.getMinSalary, res=70000.0; LENOVO2020\1; Debt;
#41; 2024-01-07T17:23:29.129+06:00; Workbook.test.getMeterValue, res=17420.0, testArg1=17420; LENOVO2020\1; Workbook;
#42; 2024-01-07T17:23:29.129+06:00; Workbook.test.getMeterValue, res=17420.0, testArg1=17 420; LENOVO2020\1; Workbook;
#43; 2024-01-07T17:23:29.129+06:00; Workbook.test.getMeterValue, res=17420.0, testArg1=17420.0; LENOVO2020\1; Workbook;
#44; 2024-01-07T17:23:29.129+06:00; Workbook.test.getMeterValue, res=17420.0, testArg1=17420.00; LENOVO2020\1; Workbook;
#45; 2024-01-07T17:23:29.131+06:00; Workbook.getMeterValue, ex=For input string: "17420,00", StackTrace=[Ljava.lang.StackTraceElement;@2357d90a; LENOVO2020\1; Workbook;
#46; 2024-01-07T17:23:29.131+06:00; Workbook.test.getMeterValue, res=0.0, testArg1=17420,00; LENOVO2020\1; Workbook;
#47; 2024-01-07T17:23:29.131+06:00; Workbook.test.getMeterValue, res=17420.0, testArg1=17 420.00; LENOVO2020\1; Workbook;
#48; 2024-01-07T17:23:29.132+06:00; Workbook.test.getMeterValue, res=-17420.0, testArg1=-17420; LENOVO2020\1; Workbook;
#49; 2024-01-07T17:23:29.132+06:00; Workbook.getMeterValue, ex=For input string: "17420-18560", StackTrace=[Ljava.lang.StackTraceElement;@6328d34a; LENOVO2020\1; Workbook;
#50; 2024-01-07T17:23:29.133+06:00; Workbook.test.getMeterValue, res=0.0, testArg1=17420 - 18560; LENOVO2020\1; Workbook;
#51; 2024-01-07T17:23:29.465+06:00; GUI.getFrameBasic, frame.getName=frame0; LENOVO2020\1; GUI;
#53; 2024-01-07T17:23:32.854+06:00; Logger.getEventEnd, eventGlobalEnd=2024-01-07T17:23:32.854+06:00; LENOVO2020\1; Logger;
#54; 2024-01-07T17:23:32.857+06:00; Logger.getEventEnd, durationGlobal=4170 ms; LENOVO2020\1; Logger;
Log detail
#4; 2024-01-07T17:23:28.704+06:00; Conn.getDbList, Conn.systemFact=[DatabaseGlobal.sqlite3, DatabaseTemplate.sqlite3]; LENOVO2020\1; Conn;
#5; 2024-01-07T17:23:28.704+06:00; Conn.getDbList, Conn.testDb=null; LENOVO2020\1; Conn;
#6; 2024-01-07T17:23:28.704+06:00; Conn.getDbList, Conn.exampleDb=null; LENOVO2020\1; Conn;
#7; 2024-01-07T17:23:28.704+06:00; Conn.setLast, WB.lastConn=MyWorkBase1.sqlite3; LENOVO2020\1; Conn;
#8; 2024-01-07T17:23:28.901+06:00; Conn.setLast, WB.abcLast={basic=964, table=2, catalog=60, codePay=3, }, WB.lastConn=jdbc:sqlite:MyWorkBase1.sqlite3; LENOVO2020\1; Conn;
#12; 2024-01-07T17:23:29.122+06:00; Debt.test.getSumTax, res=12.0, baseTax=100.0, RateTax=12.0; LENOVO2020\1; Debt;
#13; 2024-01-07T17:23:29.122+06:00; Debt.test.getOutVAT as reverse check for getSumTax, res=12.0, baseTax=100.0, RateTax=12.0; LENOVO2020\1; Debt;
#14; 2024-01-07T17:23:29.123+06:00; Debt.test.getSumTax, res=68.09, baseTax=567.43, RateTax=12.0; LENOVO2020\1; Debt;
#15; 2024-01-07T17:23:29.123+06:00; Debt.test.getOutVAT as reverse check for getSumTax, res=68.09, baseTax=567.43, RateTax=12.0; LENOVO2020\1; Debt;
#16; 2024-01-07T17:23:29.123+06:00; Debt.test.getSumTax, res=0.0, baseTax=0.0, RateTax=12.0; LENOVO2020\1; Debt;
#17; 2024-01-07T17:23:29.123+06:00; Debt.test.getOutVAT as reverse check for getSumTax, res=0.0, baseTax=0.0, RateTax=12.0; LENOVO2020\1; Debt;
#18; 2024-01-07T17:23:29.123+06:00; Debt.test.getSumTax, res=38.83, baseTax=323.56452, RateTax=12.0; LENOVO2020\1; Debt;
#19; 2024-01-07T17:23:29.123+06:00; Debt.test.getOutVAT as reverse check for getSumTax, res=38.83, baseTax=323.56452, RateTax=12.0; LENOVO2020\1; Debt;
#20; 2024-01-07T17:23:29.123+06:00; Debt.test.getRateVAT, res=12.0; LENOVO2020\1; Debt;
#21; 2024-01-07T17:23:29.124+06:00; Debt.test.subtractInVAT, res=100.0, sumWithVAT=112.0, rateVAT=12.0; LENOVO2020\1; Debt;
#22; 2024-01-07T17:23:29.124+06:00; Debt.test.addOutVAT as reverse check for subtractInVAT, res=112.0, sumLessVAT=100.0, rateVAT=12.0; LENOVO2020\1; Debt;
#23; 2024-01-07T17:23:29.124+06:00; Debt.test.subtractInVAT, res=506.86, sumWithVAT=567.68, rateVAT=12.0; LENOVO2020\1; Debt;
#24; 2024-01-07T17:23:29.124+06:00; Debt.test.addOutVAT as reverse check for subtractInVAT, res=567.68, sumLessVAT=506.86, rateVAT=12.0; LENOVO2020\1; Debt;
#25; 2024-01-07T17:23:29.124+06:00; Debt.test.subtractInVAT, res=0.0, sumWithVAT=0.0, rateVAT=12.0; LENOVO2020\1; Debt;
#26; 2024-01-07T17:23:29.124+06:00; Debt.test.addOutVAT as reverse check for subtractInVAT, res=0.0, sumLessVAT=0.0, rateVAT=12.0; LENOVO2020\1; Debt;
#27; 2024-01-07T17:23:29.124+06:00; Debt.test.subtractInVAT, res=306.12, sumWithVAT=342.8456, rateVAT=12.0; LENOVO2020\1; Debt;
#28; 2024-01-07T17:23:29.124+06:00; Debt.test.addOutVAT as reverse check for subtractInVAT, res=342.85, sumLessVAT=306.12, rateVAT=12.0; LENOVO2020\1; Debt;
#29; 2024-01-07T17:23:29.125+06:00; Debt.test.addOutVAT, res=112.0, sumLessVAT=100.0, rateVAT=12.0; LENOVO2020\1; Debt;
#30; 2024-01-07T17:23:29.125+06:00; Debt.test.addOutVAT, res=635.52, sumLessVAT=567.43, rateVAT=12.0; LENOVO2020\1; Debt;
#31; 2024-01-07T17:23:29.125+06:00; Debt.test.addOutVAT, res=0.0, sumLessVAT=0.0, rateVAT=12.0; LENOVO2020\1; Debt;
#32; 2024-01-07T17:23:29.125+06:00; Debt.test.addOutVAT, res=362.39, sumLessVAT=323.56452, rateVAT=12.0; LENOVO2020\1; Debt;
#33; 2024-01-07T17:23:29.125+06:00; Debt.test.getOutVAT, res=12.0, sumLessVAT=100.0, rateVAT=12.0; LENOVO2020\1; Debt;
#34; 2024-01-07T17:23:29.125+06:00; Debt.test.getOutVAT, res=68.09, sumLessVAT=567.43, rateVAT=12.0; LENOVO2020\1; Debt;
#35; 2024-01-07T17:23:29.125+06:00; Debt.test.getOutVAT, res=0.0, sumLessVAT=0.0, rateVAT=12.0; LENOVO2020\1; Debt;
#36; 2024-01-07T17:23:29.125+06:00; Debt.test.getOutVAT, res=38.83, sumLessVAT=323.56452, rateVAT=12.0; LENOVO2020\1; Debt;
#37; 2024-01-07T17:23:29.126+06:00; Debt.test.addInVAT, res=12.0, sumWithVAT=112.0, rateVAT=12.0; LENOVO2020\1; Debt;
#38; 2024-01-07T17:23:29.126+06:00; Debt.test.addInVAT, res=60.82, sumWithVAT=567.68, rateVAT=12.0; LENOVO2020\1; Debt;
#39; 2024-01-07T17:23:29.126+06:00; Debt.test.addInVAT, res=0.0, sumWithVAT=0.0, rateVAT=12.0; LENOVO2020\1; Debt;
#40; 2024-01-07T17:23:29.126+06:00; Debt.test.addInVAT, res=36.73, sumWithVAT=342.8456, rateVAT=12.0; LENOVO2020\1; Debt;
#52; 2024-01-07T17:23:32.853+06:00; Command.exit; LENOVO2020\1; Command;

